{"name":"772d57ac-9006-4ba9-9a1e-faf7599a9c2e","id":"/providers/Microsoft.Flow/flows/772d57ac-9006-4ba9-9a1e-faf7599a9c2e","type":"Microsoft.Flow/flows","properties":{"apiId":"/providers/Microsoft.PowerApps/apis/shared_logicflows","displayName":"Message Center Automated Cloud Flow to Update Planner Integration - template - from SharePoint List","definition":{"metadata":{"workflowEntityId":null,"processAdvisorMetadata":null,"flowChargedByPaygo":null,"flowclientsuspensionreason":"None","flowclientsuspensiontime":null,"flowclientsuspensionreasondetails":null,"creator":{"id":"5d8484ec-15d3-4c12-846c-660812c7031f","type":"User","tenantId":"ffcad14d-f3ff-4450-bbfd-3121f3ab21c6"},"provisioningMethod":"FromDefinition","failureAlertSubscription":true,"clientLastModifiedTime":"2025-03-26T00:15:31.8944595Z","connectionKeySavedTimeKey":"2025-03-26T00:15:31.8944595Z","creationSource":null,"modifiedSources":"Portal"},"$schema":"https://schema.management.azure.com/providers/Microsoft.Logic/schemas/2016-06-01/workflowdefinition.json#","contentVersion":"1.0.0.0","parameters":{"$authentication":{"defaultValue":{},"type":"SecureObject"},"$connections":{"defaultValue":{},"type":"Object"}},"triggers":{"When_a_new_task_is_created":{"recurrence":{"frequency":"Minute","interval":5},"splitOn":"@triggerOutputs()?['body/value']","metadata":{"operationMetadataId":"e8a97500-d09e-480d-8f6e-c44f5eaa8c8a"},"type":"OpenApiConnection","inputs":{"parameters":{"groupId":"7ea5a034-0b3a-4c1d-848d-43475a7202b8","id":"0L_Hss116EajHgzLXQyujWUADQjJ"},"host":{"apiId":"/providers/Microsoft.PowerApps/apis/shared_planner","connectionName":"shared_planner","operationId":"OnNewTask_V3"},"authentication":"@parameters('$authentication')"}}},"actions":{"8_sec_Delay_for_the_influx_of_Message_Centre_items":{"runAfter":{"Initialize_variable_varTaskDescription":["Succeeded"]},"metadata":{"operationMetadataId":"e2519f8b-07ac-4b0b-8ab9-bffb514ef0fe"},"type":"Wait","inputs":{"interval":{"count":8,"unit":"Second"}}},"Get_items":{"runAfter":{"Get_a_team":["Succeeded"]},"type":"OpenApiConnection","inputs":{"parameters":{"dataset":"https://m365cpi97690408.sharepoint.com/sites/Microsoft365MCPI2","table":"5edbbcba-44c6-4ad8-ba75-9bd5f460602b","$top":1},"host":{"apiId":"/providers/Microsoft.PowerApps/apis/shared_sharepointonline","connectionName":"shared_sharepointonline","operationId":"GetItems"},"authentication":"@parameters('$authentication')"}},"For_each":{"foreach":"@outputs('Get_items')?['body/value']","actions":{"List_buckets":{"runAfter":{"Set_variable_varPlanner":["Succeeded"]},"metadata":{"operationMetadataId":"757b4d14-71d4-44cf-828a-d80fae5d3db9"},"type":"OpenApiConnection","inputs":{"parameters":{"groupId":"@variables('varTeamID')","id":"@variables('varPlanner')"},"host":{"apiId":"/providers/Microsoft.PowerApps/apis/shared_planner","connectionName":"shared_planner","operationId":"ListBuckets_V3"},"authentication":"@parameters('$authentication')"}},"Filter_array_Get_Bucket_called_\"For_Communication_FYI\"":{"runAfter":{"Set_variable_varFYIBucket-copy":["Succeeded"]},"metadata":{"operationMetadataId":"d936e2de-aaae-4cc5-843d-01420b2c6fad"},"type":"Query","inputs":{"from":"@outputs('List_buckets')?['body/value']","where":"@equals(item()?['name'],variables('varFYIBucket'))"}},"Set_variable_varFYIBucket":{"runAfter":{"Filter_array_Get_Bucket_called_\"For_Communication_FYI\"":["Succeeded"]},"type":"SetVariable","inputs":{"name":"varFYIBucket","value":"@first(body('Filter_array_Get_Bucket_called_\"For_Communication_FYI\"'))['id']"}},"Filter_array_Get_Bucket_called_\"For_Review\"":{"runAfter":{"Set_variable_varForReviewBucket-copy":["Succeeded"]},"metadata":{"operationMetadataId":"64455297-0e70-479d-a610-955afb968e57"},"type":"Query","inputs":{"from":"@outputs('List_buckets')?['body/value']","where":"@equals(item()?['name'],variables('varForReviewBucket'))"}},"Filter_array_Get_Bucket_called_\"Features_not_in-use_and_check_before_closing\"":{"runAfter":{"Set_variable_varFeaturesNotIn-UseAndCheckBeforeClosingBucket-copy":["Succeeded"]},"metadata":{"operationMetadataId":"64455297-0e70-479d-a610-955afb968e57"},"type":"Query","inputs":{"from":"@outputs('List_buckets')?['body/value']","where":"@equals(item()?['name'],variables('varFeaturesNotIn-useBucket'))"}},"Filter_array_Get_Bucket_called_\"Managed_by_other_Service_Owners\"":{"runAfter":{"Set_variable_varManagedByOtherServiceOwnersBucket-copy":["Succeeded"]},"metadata":{"operationMetadataId":"64455297-0e70-479d-a610-955afb968e57"},"type":"Query","inputs":{"from":"@outputs('List_buckets')?['body/value']","where":"@equals(item()?['name'],variables('varManagedByOtherServiceOwnersBucket'))"}},"Set_variable_varManagedByOtherServiceOwnersBucket":{"runAfter":{"Filter_array_Get_Bucket_called_\"Managed_by_other_Service_Owners\"":["Succeeded"]},"type":"SetVariable","inputs":{"name":"varManagedByOtherServiceOwnersBucket","value":"@first(body('Filter_array_Get_Bucket_called_\"Managed_by_other_Service_Owners\"'))['id']"}},"List_channels":{"runAfter":{"Set_variable_varManagedByOtherServiceOwnersBucket":["Succeeded"]},"metadata":{"operationMetadataId":"178e55be-ec45-41a0-b5c3-09694b8eccd7"},"type":"OpenApiConnection","inputs":{"parameters":{"groupId":"@variables('varTeamID')"},"host":{"apiId":"/providers/Microsoft.PowerApps/apis/shared_teams","connectionName":"shared_teams-1","operationId":"GetChannelsForGroup"},"authentication":"@parameters('$authentication')"}},"Filter_array_for_Channel_Id":{"runAfter":{"Set_variable_varChannel":["Succeeded"]},"metadata":{"operationMetadataId":"cb632370-6090-46ee-aa29-c492bf9954e4"},"type":"Query","inputs":{"from":"@outputs('List_channels')?['body/value']","where":"@equals(item()?['displayName'],variables('varChannel'))"}},"Set_variable_varChannelId":{"runAfter":{"Filter_array_for_Channel_Id":["Succeeded"]},"type":"SetVariable","inputs":{"name":"varChannelId","value":"@first(body('Filter_array_for_Channel_Id'))['id']"}},"Set_variable_varYourDomain":{"runAfter":{"Compose_-_Break-out_the_individual_ManagedByOtherServiceOwners":["Succeeded"]},"type":"SetVariable","inputs":{"name":"varYourDomain","value":"@item()?['YourDomain']"}},"Set_variable_varPlannerTaskLink":{"runAfter":{"Set_variable_varYourDomain":["Succeeded"]},"type":"SetVariable","inputs":{"name":"varPlannerTaskLink","value":"https://tasks.office.com/@{variables('varYourDomain')}/Home/Task/"}},"Get_task_details":{"runAfter":{"Set_variable_valLabel25":["Succeeded"]},"metadata":{"operationMetadataId":"a1e7068f-769f-4c4d-a045-6a9f4eb4749d"},"type":"OpenApiConnection","inputs":{"parameters":{"id":"@triggerOutputs()?['body/id']"},"host":{"apiId":"/providers/Microsoft.PowerApps/apis/shared_planner","connectionName":"shared_planner-1","operationId":"GetTaskDetails_V2"},"authentication":"@parameters('$authentication')"}},"5_sec_Delay_1":{"runAfter":{"Compose_-_Task_Title_and_Task_Description_combined":["Succeeded"]},"metadata":{"operationMetadataId":"e8cb8fa2-2718-4b6c-8cba-673f76284133"},"type":"Wait","inputs":{"interval":{"count":5,"unit":"Second"}}},"Update_task_details_Add_check_list":{"runAfter":{"5_sec_Delay_1":["Succeeded"]},"metadata":{"operationMetadataId":"83efcf1e-57f8-4790-ade1-d304b9acd1a1"},"type":"OpenApiConnection","inputs":{"parameters":{"id":"@triggerOutputs()?['body/id']","body/checklist":[{"id":"1","title":"IT Assessment","isChecked":null},{"id":"2","title":"Business Assessment","isChecked":null},{"id":"3","title":"Discussed in Message Centre Review","isChecked":null}]},"host":{"apiId":"/providers/Microsoft.PowerApps/apis/shared_planner","connectionName":"shared_planner-1","operationId":"UpdateTaskDetails_V2"},"authentication":"@parameters('$authentication')"}},"5_sec_Delay_2":{"runAfter":{"Condition_-_Check_Label25_extract_specifics_to_create_the_Label_Color_formula":["Succeeded"]},"metadata":{"operationMetadataId":"9e4cb32c-d469-45ad-8f0f-41ab4d2fd222"},"type":"Wait","inputs":{"interval":{"count":5,"unit":"Second"}}},"Update_a_task_(V2)_Add_labels":{"runAfter":{"5_sec_Delay_2":["Succeeded"]},"metadata":{"operationMetadataId":"f13bdc6e-5924-4e80-a61c-ccd84e0cd421"},"type":"OpenApiConnection","inputs":{"parameters":{"id":"@outputs('Update_task_details_Add_check_list')?['body/id']","body/appliedCategories/category1":"@variables('varLabelPink')","body/appliedCategories/category2":"@variables('varLabelRed')","body/appliedCategories/category3":"@variables('varLabelYellow')","body/appliedCategories/category4":"@variables('varLabelGreen')","body/appliedCategories/category5":"@variables('varLabelBlue')","body/appliedCategories/category6":"@variables('varLabelPurple')","body/appliedCategories/category7":"@variables('varLabelBronze')","body/appliedCategories/category8":"@variables('varLabelLime')","body/appliedCategories/category9":"@variables('varLabelAqua')","body/appliedCategories/category10":"@variables('varLabelGray')","body/appliedCategories/category11":"@variables('varLabelSilver')","body/appliedCategories/category12":"@variables('varLabelBrown')","body/appliedCategories/category13":"@variables('varLabelCranberry')","body/appliedCategories/category14":"@variables('varLabelOrange')","body/appliedCategories/category15":"@variables('varLabelPeach')","body/appliedCategories/category16":"@variables('varLabelMarigold')","body/appliedCategories/category17":"@variables('varLabelLightGreen')","body/appliedCategories/category18":"@variables('varLabelDarkGreen')","body/appliedCategories/category19":"@variables('varLabelTeal')","body/appliedCategories/category20":"@variables('varLabelLightBlue')","body/appliedCategories/category21":"@variables('varLabelDarkBlue')","body/appliedCategories/category22":"@variables('varLabelLavender')","body/appliedCategories/category23":"@variables('varLabelPlum')","body/appliedCategories/category24":"@variables('varLabelLightGray')","body/appliedCategories/category25":"@variables('varLabelDarkGray')"},"host":{"apiId":"/providers/Microsoft.PowerApps/apis/shared_planner","connectionName":"shared_planner-1","operationId":"UpdateTask_V3"},"authentication":"@parameters('$authentication')"}},"8_sec_Delay_1":{"runAfter":{"Update_a_task_(V2)_Add_labels":["Succeeded"]},"metadata":{"operationMetadataId":"e2519f8b-07ac-4b0b-8ab9-bffb514ef0fe"},"type":"Wait","inputs":{"interval":{"count":8,"unit":"Second"}}},"5_sec_Delay_3":{"runAfter":{"Apply_to_each_-_Managed_by_other_Service_Owners":["Succeeded"]},"metadata":{"operationMetadataId":"9b03e061-08b9-4251-8148-73fd3ba9f022"},"type":"Wait","inputs":{"interval":{"count":5,"unit":"Second"}}},"Set_variable_varServiceTasks3":{"runAfter":{"Compose_-_Break-out_the_individual_Service_Owners_3":["Succeeded"]},"type":"SetVariable","inputs":{"name":"varServiceTasks3","value":"@item()?['ServiceTasks3']"}},"Set_variable_varServiceTasks4":{"runAfter":{"Compose_-_Break-out_the_individual_Service_Owners_4":["Succeeded"]},"type":"SetVariable","inputs":{"name":"varServiceTasks4","value":"@item()?['ServiceTasks4']"}},"Set_variable_varServiceTasks5":{"runAfter":{"Compose_-_Break-out_the_individual_Service_Owners_5":["Succeeded"]},"type":"SetVariable","inputs":{"name":"varServiceTasks5","value":"@item()?['ServiceTasks5']"}},"Set_variable_varPlanner":{"runAfter":{"Set_variable_varTeamID":["Succeeded"]},"type":"SetVariable","inputs":{"name":"varPlanner","value":"@triggerOutputs()?['body/planId']"}},"Set_variable_varTeamName":{"type":"SetVariable","inputs":{"name":"varTeamName","value":"@item()?['TeamName']"}},"Set_variable_varChannel":{"runAfter":{"List_channels":["Succeeded"]},"type":"SetVariable","inputs":{"name":"varChannel","value":"@item()?['Channel']"}},"Set_variable_varTeamID":{"runAfter":{"Set_variable_varTeamName":["Succeeded"]},"type":"SetVariable","inputs":{"name":"varTeamID","value":"@outputs('Get_a_team')?['body/id']"}},"Set_variable_varForReviewBucket":{"runAfter":{"Filter_array_Get_Bucket_called_\"For_Review\"":["Succeeded"]},"type":"SetVariable","inputs":{"name":"varForReviewBucket","value":"@first(body('Filter_array_Get_Bucket_called_\"For_Review\"'))['id']"}},"Set_variable_varFeaturesNotIn-UseAndCheckBeforeClosingBucket":{"runAfter":{"Filter_array_Get_Bucket_called_\"Features_not_in-use_and_check_before_closing\"":["Succeeded"]},"type":"SetVariable","inputs":{"name":"varFeaturesNotIn-useBucket","value":"@first(body('Filter_array_Get_Bucket_called_\"Features_not_in-use_and_check_before_closing\"'))['id']"}},"Set_variable_varFYIBucket-copy":{"runAfter":{"List_buckets":["Succeeded"]},"type":"SetVariable","inputs":{"name":"varFYIBucket","value":"@item()?['FYIBucket']"}},"Set_variable_varForReviewBucket-copy":{"runAfter":{"Set_variable_varFYIBucket":["Succeeded"]},"type":"SetVariable","inputs":{"name":"varForReviewBucket","value":"@item()?['ForReviewBucket']"}},"Set_variable_varFeaturesNotIn-UseAndCheckBeforeClosingBucket-copy":{"runAfter":{"Set_variable_varForReviewBucket":["Succeeded"]},"type":"SetVariable","inputs":{"name":"varFeaturesNotIn-useBucket","value":"@item()?['FeaturesNotIn_x002d_useBucket']"}},"Set_variable_varManagedByOtherServiceOwnersBucket-copy":{"runAfter":{"Set_variable_varFeaturesNotIn-UseAndCheckBeforeClosingBucket":["Succeeded"]},"type":"SetVariable","inputs":{"name":"varManagedByOtherServiceOwnersBucket","value":"@item()?['ManagedByOtherServiceOwnersBucke']"}},"Set_variable_varTheFeaturesNotIn-UseAdnCheckBeforeClosing":{"runAfter":{"Set_variable_varChannelId":["Succeeded"]},"type":"SetVariable","inputs":{"name":"varTheFeaturesNotIn-UseAndCheckBeforeClosing","value":"@item()?['TheFeaturesnotinuseandcheckbefor']"}},"Set_variable_varTheManagedByOtherServiceOwners":{"runAfter":{"Compose_-_Break-out_the_individual_FeaturesNotIn-Use":["Succeeded"]},"type":"SetVariable","inputs":{"name":"varTheManagedByOtherServiceOwners","value":"@item()?['TheManagedbyotherServiceOwners']"}},"Compose_-_Break-out_the_individual_FeaturesNotIn-Use":{"runAfter":{"Set_variable_varTheFeaturesNotIn-UseAdnCheckBeforeClosing":["Succeeded"]},"type":"Compose","inputs":"@split(variables('varTheFeaturesNotIn-UseAndCheckBeforeClosing'), ',')"},"Compose_-_Break-out_the_individual_ManagedByOtherServiceOwners":{"runAfter":{"Set_variable_varTheManagedByOtherServiceOwners":["Succeeded"]},"type":"Compose","inputs":"@split(variables('varTheManagedByOtherServiceOwners'), ',')"},"Compose_-_Break-out_the_individual_Service_Tasks_3":{"runAfter":{"Set_variable_varServiceTasks3":["Succeeded"]},"type":"Compose","inputs":"@split(variables('varServiceTasks3'), ',')"},"Compose_-_Break-out_the_individual_Service_Tasks_4":{"runAfter":{"Set_variable_varServiceTasks4":["Succeeded"]},"type":"Compose","inputs":"@split(variables('varServiceTasks4'), ',')"},"Compose_-_Break-out_the_individual_Service_Tasks_5":{"runAfter":{"Set_variable_varServiceTasks5":["Succeeded"]},"type":"Compose","inputs":"@split(variables('varServiceTasks5'), ',')"},"Apply_to_each_-_Service_Tasks_1":{"foreach":"@outputs('Compose_-_Break-out_the_individual_Service_Tasks_1')","actions":{"Condition_-_Assign_Tasks_to_Respective_Service_Owners_-_ServiceTasks1":{"actions":{"Apply_to_each_-_Assign_to_Service_Owners_1":{"foreach":"@outputs('Compose_-_Break-out_the_individual_Service_Owners_1')","actions":{"Assign_task_to_Service_Owner_1":{"metadata":{"operationMetadataId":"ce219cb2-93de-4e07-bb7e-d38fc93dbd4f"},"type":"OpenApiConnection","inputs":{"parameters":{"id":"@outputs('Update_a_task_(V2)_Add_labels')?['body/id']","body/assignments":"@items('Apply_to_each_-_Assign_to_Service_Owners_1')"},"host":{"apiId":"/providers/Microsoft.PowerApps/apis/shared_planner","connectionName":"shared_planner-1","operationId":"AssignUsers"},"authentication":"@parameters('$authentication')"}}},"type":"Foreach"}},"else":{"actions":{}},"expression":{"and":[{"contains":["@variables('varTaskTitle')","@items('Apply_to_each_-_Service_Tasks_1')"]}]},"metadata":{"operationMetadataId":"ebae8807-7a0d-4a3b-9753-bb21a32abf5b"},"type":"If"}},"runAfter":{"8_sec_Delay_1":["Succeeded"]},"type":"Foreach"},"Move_to_For_Review_Bucket":{"runAfter":{"Apply_to_each_-_Service_Tasks_9":["Succeeded"]},"metadata":{"operationMetadataId":"e775e7e8-8031-46aa-bba2-15c0001518b5"},"type":"OpenApiConnection","inputs":{"parameters":{"id":"@outputs('Update_a_task_(V2)_Add_labels')?['body/id']","body/bucketId":"@variables('varForReviewBucket')"},"host":{"apiId":"/providers/Microsoft.PowerApps/apis/shared_planner","connectionName":"shared_planner-1","operationId":"UpdateTask_V3"},"authentication":"@parameters('$authentication')"}},"Apply_to_each_-_Service_Tasks_2":{"foreach":"@outputs('Compose_-_Break-out_the_individual_Service_Tasks_2')","actions":{"Condition_-_Assign_Tasks_to_Respective_Service_Owners_-_ServiceTasks2":{"actions":{"Apply_to_each_-_Assign_to_Service_Owners_2":{"foreach":"@outputs('Compose_-_Break-out_the_individual_Service_Owners_2')","actions":{"Assign_Task_to__Service_Owner_2":{"metadata":{"operationMetadataId":"f5ae9402-8a4b-421e-a752-71b310b7952b"},"type":"OpenApiConnection","inputs":{"parameters":{"id":"@outputs('Update_a_task_(V2)_Add_labels')?['body/id']","body/assignments":"@items('Apply_to_each_-_Assign_to_Service_Owners_2')"},"host":{"apiId":"/providers/Microsoft.PowerApps/apis/shared_planner","connectionName":"shared_planner-1","operationId":"AssignUsers"},"authentication":"@parameters('$authentication')"}}},"type":"Foreach"}},"else":{"actions":{}},"expression":{"and":[{"contains":["@variables('varTaskTitle')","@items('Apply_to_each_-_Service_Tasks_2')"]}]},"metadata":{"operationMetadataId":"96ca7701-8c0a-4572-86a6-2e8231d37c63"},"type":"If"}},"runAfter":{"Apply_to_each_-_Service_Tasks_1":["Succeeded"]},"type":"Foreach"},"Apply_to_each_-_Service_Tasks_3":{"foreach":"@outputs('Compose_-_Break-out_the_individual_Service_Tasks_3')","actions":{"Condition_-_Assign_Tasks_to_Respective_Service_Owners_-_ServiceTasks3":{"actions":{"Apply_to_each_1_-_Assign_to_Service_Owners_3":{"foreach":"@outputs('Compose_-_Break-out_the_individual_Service_Owners_3')","actions":{"Assign_to_Service_Owner_3":{"metadata":{"operationMetadataId":"3dd2d79f-60d9-4c70-b36d-488cc3ecb889"},"type":"OpenApiConnection","inputs":{"parameters":{"id":"@outputs('Update_a_task_(V2)_Add_labels')?['body/id']","body/assignments":"@items('Apply_to_each_1_-_Assign_to_Service_Owners_3')"},"host":{"apiId":"/providers/Microsoft.PowerApps/apis/shared_planner","connectionName":"shared_planner-1","operationId":"AssignUsers"},"authentication":"@parameters('$authentication')"}}},"type":"Foreach"}},"else":{"actions":{}},"expression":{"and":[{"contains":["@variables('varTaskTitle')","@items('Apply_to_each_-_Service_Tasks_3')"]}]},"metadata":{"operationMetadataId":"05c74a68-db85-4267-acd0-4d3490f716c1"},"type":"If"}},"runAfter":{"Apply_to_each_-_Service_Tasks_2":["Succeeded"]},"type":"Foreach"},"Apply_to_each_-_Service_Tasks_4":{"foreach":"@outputs('Compose_-_Break-out_the_individual_Service_Tasks_4')","actions":{"Condition_-_Assign_Tasks_to_Respective_Service_Owners_-_ServiceTasks4":{"actions":{"Apply_to_each_-_Assign_to_Service_Owners_4":{"foreach":"@outputs('Compose_-_Break-out_the_individual_Service_Owners_4')","actions":{"Assign_to_Service_Owner_4":{"metadata":{"operationMetadataId":"409a4d74-176a-472e-875c-d34d43bf470f"},"type":"OpenApiConnection","inputs":{"parameters":{"id":"@outputs('Update_a_task_(V2)_Add_labels')?['body/id']","body/assignments":"@items('Apply_to_each_-_Assign_to_Service_Owners_4')"},"host":{"apiId":"/providers/Microsoft.PowerApps/apis/shared_planner","connectionName":"shared_planner-1","operationId":"AssignUsers"},"authentication":"@parameters('$authentication')"}}},"type":"Foreach"}},"else":{"actions":{}},"expression":{"and":[{"contains":["@variables('varTaskTitle')","@items('Apply_to_each_-_Service_Tasks_4')"]}]},"metadata":{"operationMetadataId":"058b0a8e-cfe6-4e93-bde1-80156059a0f6"},"type":"If"}},"runAfter":{"Apply_to_each_-_Service_Tasks_3":["Succeeded"]},"type":"Foreach"},"Apply_to_each_-_Service_Tasks_5":{"foreach":"@outputs('Compose_-_Break-out_the_individual_Service_Tasks_5')","actions":{"Condition_-_Assign_Tasks_to_Respective_Service_Owners_-_ServiceTasks5":{"actions":{"Apply_to_each_-_Assign_to_Service_Owners_5":{"foreach":"@outputs('Compose_-_Break-out_the_individual_Service_Owners_5')","actions":{"Assign_to_Other_M365_Service_Owner":{"metadata":{"operationMetadataId":"e55ae515-f025-4921-b772-12066aca65bf"},"type":"OpenApiConnection","inputs":{"parameters":{"id":"@outputs('Update_a_task_(V2)_Add_labels')?['body/id']","body/assignments":"@items('Apply_to_each_-_Assign_to_Service_Owners_5')"},"host":{"apiId":"/providers/Microsoft.PowerApps/apis/shared_planner","connectionName":"shared_planner-1","operationId":"AssignUsers"},"authentication":"@parameters('$authentication')"}}},"type":"Foreach"}},"else":{"actions":{}},"expression":{"and":[{"contains":["@variables('varTaskTitle')","@items('Apply_to_each_-_Service_Tasks_5')"]}]},"metadata":{"operationMetadataId":"fe854493-c8b7-44d2-9465-24af7f995e53"},"type":"If"}},"runAfter":{"Apply_to_each_-_Service_Tasks_4":["Succeeded"]},"type":"Foreach"},"Apply_to_each_-_Features_not_in-use_and_check_before_closing":{"foreach":"@outputs('Compose_-_Break-out_the_individual_FeaturesNotIn-Use')","actions":{"Condition_-_Features_not_in-use_and_check_before_closing":{"actions":{"Update_a_task_(V2)_Place_Tasks_in_Features_not_in-use_and_check_before_closing":{"metadata":{"operationMetadataId":"fa5a3c3d-7ed5-4f6c-ad61-4bcf5a2f9aa7"},"type":"OpenApiConnection","inputs":{"parameters":{"id":"@outputs('Update_a_task_(V2)_Add_labels')?['body/id']","body/bucketId":"@variables('varFeaturesNotIn-useBucket')"},"host":{"apiId":"/providers/Microsoft.PowerApps/apis/shared_planner","connectionName":"shared_planner-1","operationId":"UpdateTask_V3"},"authentication":"@parameters('$authentication')"}}},"else":{"actions":{}},"expression":{"and":[{"contains":["@variables('varTaskTitle')","@items('Apply_to_each_-_Features_not_in-use_and_check_before_closing')"]}]},"type":"If"}},"runAfter":{"Move_to_For_Review_Bucket":["Succeeded"]},"type":"Foreach"},"Apply_to_each_-_Managed_by_other_Service_Owners":{"foreach":"@outputs('Compose_-_Break-out_the_individual_ManagedByOtherServiceOwners')","actions":{"Condition_-_Managed_by_other_Service_Owners":{"actions":{"Update_a_task_(V2)_Place_Tasks_in_Managed_by_Other_Service_Owners":{"metadata":{"operationMetadataId":"fa5a3c3d-7ed5-4f6c-ad61-4bcf5a2f9aa7"},"type":"OpenApiConnection","inputs":{"parameters":{"id":"@outputs('Update_a_task_(V2)_Add_labels')?['body/id']","body/bucketId":"@variables('varManagedByOtherServiceOwnersBucket')"},"host":{"apiId":"/providers/Microsoft.PowerApps/apis/shared_planner","connectionName":"shared_planner-1","operationId":"UpdateTask_V3"},"authentication":"@parameters('$authentication')"}}},"else":{"actions":{}},"expression":{"and":[{"contains":["@variables('varTaskTitle')","@items('Apply_to_each_-_Managed_by_other_Service_Owners')"]}]},"type":"If"}},"runAfter":{"Apply_to_each_-_Features_not_in-use_and_check_before_closing":["Succeeded"]},"type":"Foreach"},"Set_variable_varServiceOwner1":{"runAfter":{"Set_variable_varPlannerTaskLink":["Succeeded"]},"type":"SetVariable","inputs":{"name":"varServiceOwner1","value":"@item()?['ServiceOwner1']"}},"Compose_-_Break-out_the_individual_Service_Owners_1":{"runAfter":{"Set_variable_varServiceOwner1":["Succeeded"]},"type":"Compose","inputs":"@split(variables('varServiceOwner1'), ',')"},"Set_variable_varServiceOwner2":{"runAfter":{"Compose_-_Break-out_the_individual_Service_Tasks_1":["Succeeded"]},"type":"SetVariable","inputs":{"name":"varServiceOwner2","value":"@item()?['ServiceOwner2']"}},"Compose_-_Break-out_the_individual_Service_Owners_2":{"runAfter":{"Set_variable_varServiceOwner2":["Succeeded"]},"type":"Compose","inputs":"@split(variables('varServiceOwner2'), ',')"},"Set_variable_varServiceOwner3":{"runAfter":{"Compose_-_Break-out_the_individual_Service_Tasks_2":["Succeeded"]},"type":"SetVariable","inputs":{"name":"varServiceOwner3","value":"@item()?['ServiceOwner3']"}},"Compose_-_Break-out_the_individual_Service_Owners_3":{"runAfter":{"Set_variable_varServiceOwner3":["Succeeded"]},"type":"Compose","inputs":"@split(variables('varServiceOwner3'), ',')"},"Set_variable_varServiceTasks1":{"runAfter":{"Compose_-_Break-out_the_individual_Service_Owners_1":["Succeeded"]},"type":"SetVariable","inputs":{"name":"varServiceTasks1","value":"@item()?['ServiceTasks1']"}},"Compose_-_Break-out_the_individual_Service_Tasks_1":{"runAfter":{"Set_variable_varServiceTasks1":["Succeeded"]},"type":"Compose","inputs":"@split(variables('varServiceTasks1'), ',')"},"Set_variable_varServiceTasks2":{"runAfter":{"Compose_-_Break-out_the_individual_Service_Owners_2":["Succeeded"]},"type":"SetVariable","inputs":{"name":"varServiceTasks2","value":"@item()?['ServiceTasks2']"}},"Compose_-_Break-out_the_individual_Service_Tasks_2":{"runAfter":{"Set_variable_varServiceTasks2":["Succeeded"]},"type":"Compose","inputs":"@split(variables('varServiceTasks2'), ',')"},"Set_variable_varServiceOwner4":{"runAfter":{"Compose_-_Break-out_the_individual_Service_Tasks_3":["Succeeded"]},"type":"SetVariable","inputs":{"name":"varServiceOwner4","value":"@item()?['ServiceOwner4']"}},"Compose_-_Break-out_the_individual_Service_Owners_4":{"runAfter":{"Set_variable_varServiceOwner4":["Succeeded"]},"type":"Compose","inputs":"@split(variables('varServiceOwner4'), ',')"},"Compose_-_Break-out_the_individual_Service_Owners_5":{"runAfter":{"Set_variable_varServiceOwner5":["Succeeded"]},"type":"Compose","inputs":"@split(variables('varServiceOwner5'), ',')"},"Set_variable_varServiceOwner5":{"runAfter":{"Compose_-_Break-out_the_individual_Service_Tasks_4":["Succeeded"]},"type":"SetVariable","inputs":{"name":"varServiceOwner5","value":"@item()?['ServiceOwner5']"}},"Set_variable_varServiceOwner6":{"runAfter":{"Compose_-_Break-out_the_individual_Service_Tasks_5":["Succeeded"]},"type":"SetVariable","inputs":{"name":"varServiceOwner6","value":"@item()?['ServiceOwner6']"}},"Set_variable_varServiceOwner7":{"runAfter":{"Compose_-_Break-out_the_individual_Service_Tasks_6":["Succeeded"]},"type":"SetVariable","inputs":{"name":"varServiceOwner7","value":"@item()?['ServiceOwner7']"}},"Set_variable_varServiceOwner8":{"runAfter":{"Compose_-_Break-out_the_individual_Service_Tasks_7":["Succeeded"]},"type":"SetVariable","inputs":{"name":"varServiceOwner8","value":"@item()?['ServiceOwner8']"}},"Set_variable_varServiceOwner9":{"runAfter":{"Compose_-_Break-out_the_individual_Service_Tasks_8":["Succeeded"]},"type":"SetVariable","inputs":{"name":"varServiceOwner9","value":"@item()?['ServiceOwner9']"}},"Compose_-_Break-out_the_individual_Service_Owners_6":{"runAfter":{"Set_variable_varServiceOwner6":["Succeeded"]},"type":"Compose","inputs":"@split(variables('varServiceOwner6'), ',')"},"Compose_-_Break-out_the_individual_Service_Owners_7":{"runAfter":{"Set_variable_varServiceOwner7":["Succeeded"]},"type":"Compose","inputs":"@split(variables('varServiceOwner7'), ',')"},"Compose_-_Break-out_the_individual_Service_Owners_8":{"runAfter":{"Set_variable_varServiceOwner8":["Succeeded"]},"type":"Compose","inputs":"@split(variables('varServiceOwner8'), ',')"},"Compose_-_Break-out_the_individual_Service_Owners_9":{"runAfter":{"Set_variable_varServiceOwner9":["Succeeded"]},"type":"Compose","inputs":"@split(variables('varServiceOwner9'), ',')"},"Set_variable_varServiceTasks6":{"runAfter":{"Compose_-_Break-out_the_individual_Service_Owners_6":["Succeeded"]},"type":"SetVariable","inputs":{"name":"varServiceTasks6","value":"@item()?['ServiceTasks6']"}},"Set_variable_varServiceTasks7":{"runAfter":{"Compose_-_Break-out_the_individual_Service_Owners_7":["Succeeded"]},"type":"SetVariable","inputs":{"name":"varServiceTasks7","value":"@item()?['ServiceTasks7']"}},"Set_variable_varServiceTasks8":{"runAfter":{"Compose_-_Break-out_the_individual_Service_Owners_8":["Succeeded"]},"type":"SetVariable","inputs":{"name":"varServiceTasks8","value":"@item()?['ServiceTasks8']"}},"Set_variable_varServiceTasks9":{"runAfter":{"Compose_-_Break-out_the_individual_Service_Owners_9":["Succeeded"]},"type":"SetVariable","inputs":{"name":"varServiceTasks9","value":"@item()?['ServiceTasks9']"}},"Compose_-_Break-out_the_individual_Service_Tasks_6":{"runAfter":{"Set_variable_varServiceTasks6":["Succeeded"]},"type":"Compose","inputs":"@split(variables('varServiceTasks6'), ',')"},"Compose_-_Break-out_the_individual_Service_Tasks_7":{"runAfter":{"Set_variable_varServiceTasks7":["Succeeded"]},"type":"Compose","inputs":"@split(variables('varServiceTasks7'), ',')"},"Compose_-_Break-out_the_individual_Service_Tasks_8":{"runAfter":{"Set_variable_varServiceTasks8":["Succeeded"]},"type":"Compose","inputs":"@split(variables('varServiceTasks8'), ',')"},"Compose_-_Break-out_the_individual_Service_Tasks_9":{"runAfter":{"Set_variable_varServiceTasks9":["Succeeded"]},"type":"Compose","inputs":"@split(variables('varServiceTasks9'), ',')"},"Apply_to_each_-_Service_Tasks_6":{"foreach":"@outputs('Compose_-_Break-out_the_individual_Service_Tasks_6')","actions":{"Condition_-_Assign_Tasks_to_Respective_Service_Owners_-_ServiceTasks6":{"actions":{"Apply_to_each_-_Assign_to_Service_Owners_6":{"foreach":"@outputs('Compose_-_Break-out_the_individual_Service_Tasks_6')","actions":{"Assign_to_Other_M365_Service_Owner_6":{"metadata":{"operationMetadataId":"e55ae515-f025-4921-b772-12066aca65bf"},"type":"OpenApiConnection","inputs":{"parameters":{"id":"@outputs('Update_a_task_(V2)_Add_labels')?['body/id']","body/assignments":"@items('Apply_to_each_-_Assign_to_Service_Owners_6')"},"host":{"apiId":"/providers/Microsoft.PowerApps/apis/shared_planner","connectionName":"shared_planner-1","operationId":"AssignUsers"},"authentication":"@parameters('$authentication')"}}},"type":"Foreach"}},"else":{"actions":{}},"expression":{"and":[{"contains":["@variables('varTaskTitle')","@items('Apply_to_each_-_Service_Tasks_6')"]}]},"metadata":{"operationMetadataId":"fe854493-c8b7-44d2-9465-24af7f995e53"},"type":"If"}},"runAfter":{"Apply_to_each_-_Service_Tasks_5":["Succeeded"]},"type":"Foreach"},"Apply_to_each_-_Service_Tasks_7":{"foreach":"@outputs('Compose_-_Break-out_the_individual_Service_Tasks_7')","actions":{"Condition_-_Assign_Tasks_to_Respective_Service_Owners_-_ServiceTasks7":{"actions":{"Apply_to_each_-_Assign_to_Service_Owners_7":{"foreach":"@outputs('Compose_-_Break-out_the_individual_Service_Tasks_7')","actions":{"Assign_to_Other_M365_Service_Owner_7":{"metadata":{"operationMetadataId":"e55ae515-f025-4921-b772-12066aca65bf"},"type":"OpenApiConnection","inputs":{"parameters":{"id":"@outputs('Update_a_task_(V2)_Add_labels')?['body/id']","body/assignments":"@items('Apply_to_each_-_Assign_to_Service_Owners_7')"},"host":{"apiId":"/providers/Microsoft.PowerApps/apis/shared_planner","connectionName":"shared_planner-1","operationId":"AssignUsers"},"authentication":"@parameters('$authentication')"}}},"type":"Foreach"}},"else":{"actions":{}},"expression":{"and":[{"contains":["@variables('varTaskTitle')","@items('Apply_to_each_-_Service_Tasks_7')"]}]},"metadata":{"operationMetadataId":"fe854493-c8b7-44d2-9465-24af7f995e53"},"type":"If"}},"runAfter":{"Apply_to_each_-_Service_Tasks_6":["Succeeded"]},"type":"Foreach"},"Apply_to_each_-_Service_Tasks_8":{"foreach":"@outputs('Compose_-_Break-out_the_individual_Service_Tasks_8')","actions":{"Condition_-_Assign_Tasks_to_Respective_Service_Owners_-_ServiceTasks8":{"actions":{"Apply_to_each_-_Assign_to_Service_Owners_8":{"foreach":"@outputs('Compose_-_Break-out_the_individual_Service_Tasks_8')","actions":{"Assign_to_Other_M365_Service_Owner_8":{"metadata":{"operationMetadataId":"e55ae515-f025-4921-b772-12066aca65bf"},"type":"OpenApiConnection","inputs":{"parameters":{"id":"@outputs('Update_a_task_(V2)_Add_labels')?['body/id']","body/assignments":"@items('Apply_to_each_-_Assign_to_Service_Owners_8')"},"host":{"apiId":"/providers/Microsoft.PowerApps/apis/shared_planner","connectionName":"shared_planner-1","operationId":"AssignUsers"},"authentication":"@parameters('$authentication')"}}},"type":"Foreach"}},"else":{"actions":{}},"expression":{"and":[{"contains":["@variables('varTaskTitle')","@items('Apply_to_each_-_Service_Tasks_8')"]}]},"metadata":{"operationMetadataId":"fe854493-c8b7-44d2-9465-24af7f995e53"},"type":"If"}},"runAfter":{"Apply_to_each_-_Service_Tasks_7":["Succeeded"]},"type":"Foreach"},"Apply_to_each_-_Service_Tasks_9":{"foreach":"@outputs('Compose_-_Break-out_the_individual_Service_Tasks_9')","actions":{"Condition_-_Assign_Tasks_to_Respective_Service_Owners_-_ServiceTasks9":{"actions":{"Apply_to_each_-_Assign_to_Service_Owners_9":{"foreach":"@outputs('Compose_-_Break-out_the_individual_Service_Tasks_9')","actions":{"Assign_to_Other_M365_Service_Owner_9":{"metadata":{"operationMetadataId":"e55ae515-f025-4921-b772-12066aca65bf"},"type":"OpenApiConnection","inputs":{"parameters":{"id":"@outputs('Update_a_task_(V2)_Add_labels')?['body/id']","body/assignments":"@items('Apply_to_each_-_Assign_to_Service_Owners_9')"},"host":{"apiId":"/providers/Microsoft.PowerApps/apis/shared_planner","connectionName":"shared_planner-1","operationId":"AssignUsers"},"authentication":"@parameters('$authentication')"}}},"type":"Foreach"}},"else":{"actions":{}},"expression":{"and":[{"contains":["@variables('varTaskTitle')","@items('Apply_to_each_-_Service_Tasks_9')"]}]},"metadata":{"operationMetadataId":"fe854493-c8b7-44d2-9465-24af7f995e53"},"type":"If"}},"runAfter":{"Apply_to_each_-_Service_Tasks_8":["Succeeded"]},"type":"Foreach"},"Condition_-_Check_if_its_categorised_as_\"New_Feature\"_only":{"actions":{"Update_a_task_(V2)_Place_FYI_Tasks_in_FYI_bucket":{"metadata":{"operationMetadataId":"fa5a3c3d-7ed5-4f6c-ad61-4bcf5a2f9aa7"},"type":"OpenApiConnection","inputs":{"parameters":{"id":"@outputs('Update_a_task_(V2)_Add_labels')?['body/id']","body/bucketId":"@variables('varFYIBucket')"},"host":{"apiId":"/providers/Microsoft.PowerApps/apis/shared_planner","connectionName":"shared_planner-1","operationId":"UpdateTask_V3"},"authentication":"@parameters('$authentication')"}}},"runAfter":{"5_sec_Delay_3":["Succeeded"]},"else":{"actions":{}},"expression":{"and":[{"not":{"equals":["@outputs('Update_a_task_(V2)_Add_labels')?['body/appliedCategories/category1']","@true"]}},{"not":{"equals":["@outputs('Update_a_task_(V2)_Add_labels')?['body/appliedCategories/category2']","@true"]}},{"not":{"equals":["@outputs('Update_a_task_(V2)_Add_labels')?['body/appliedCategories/category4']","@true"]}},{"equals":["@outputs('Update_a_task_(V2)_Add_labels')?['body/appliedCategories/category5']","@true"]},{"not":{"equals":["@outputs('Update_a_task_(V2)_Add_labels')?['body/appliedCategories/category6']","@true"]}},{"not":{"equals":["@outputs('Update_a_task_(V2)_Add_labels')?['body/appliedCategories/category7']","@true"]}},{"not":{"equals":["@outputs('Update_a_task_(V2)_Add_labels')?['body/appliedCategories/category3']","@true"]}}]},"metadata":{"operationMetadataId":"036dcf1a-9518-46a1-9265-dc0b2443b595"},"type":"If","description":"Blue is the Label for \"New Feature\" so if that's true and all the others are not equal then it must be just a New Feature"},"Condition_-_Channel_update_for_Business_Champions":{"actions":{"Post_message_in_a_chat_or_channel_Business_Champions_Teams":{"metadata":{"operationMetadataId":"875869e5-75d7-45f4-98c2-fa9fe13cc877"},"type":"OpenApiConnection","inputs":{"parameters":{"poster":"User","location":"Channel","body/recipient/groupId":"@variables('varTeamID')","body/recipient/channelId":"@variables('varChannelId')","body/messageBody":"<p>@{outputs('Update_task_details_Add_check_list')?['body/description']}</p>","body/subject":"New Message center task - @{outputs('Update_a_task_(V2)_Add_labels')?['body/title']}"},"host":{"apiId":"/providers/Microsoft.PowerApps/apis/shared_teams","connectionName":"shared_teams-1","operationId":"PostMessageToConversation"},"authentication":"@parameters('$authentication')"},"description":"Post message in Business Change Team for each new message. Includes description as they do not have access to the Planner"}},"runAfter":{"Condition_-_Check_if_its_categorised_as_\"New_Feature\"_only":["Succeeded"]},"else":{"actions":{}},"expression":{"and":[{"equals":["@item()?['ChannelupdateforBusinessChampion']","Enabled"]}]},"type":"If"},"Condition_-_Post_a_Channel_Link":{"actions":{"Post_message_in_a_chat_or_channel_varTeamId":{"metadata":{"operationMetadataId":"875869e5-75d7-45f4-98c2-fa9fe13cc877"},"type":"OpenApiConnection","inputs":{"parameters":{"poster":"Flow bot","location":"Channel","body/recipient/groupId":"@variables('varTeamID')","body/recipient/channelId":"@variables('varChannelId')","body/messageBody":"<p><strong>New Message centre task</strong><br>\n<a href=\"@{variables('varPlannerTaskLink')}@{triggerOutputs()?['body/id']}\">@{triggerOutputs()?['body/title']}</a></p>\n"},"host":{"apiId":"/providers/Microsoft.PowerApps/apis/shared_teams","connectionName":"shared_teams-1","operationId":"PostMessageToConversation"},"authentication":"@parameters('$authentication')"}}},"runAfter":{"Condition_-_Channel_update_for_Business_Champions":["Succeeded"]},"else":{"actions":{}},"expression":{"and":[{"equals":["@item()?['Channellink']","Enabled"]}]},"type":"If"},"Set_variable_varLabel1":{"runAfter":{"Compose_-_Break-out_the_individual_Service_Tasks_9":["Succeeded"]},"type":"SetVariable","inputs":{"name":"varLabel1","value":"@item()?['Label1']"}},"Set_variable_varLabel2":{"runAfter":{"Set_variable_varLabel1":["Succeeded"]},"type":"SetVariable","inputs":{"name":"varLabel2","value":"@item()?['Label2']"}},"Set_variable_varLabel3":{"runAfter":{"Set_variable_varLabel2":["Succeeded"]},"type":"SetVariable","inputs":{"name":"varLabel3","value":"@item()?['Label3']"}},"Set_variable_varLabel4":{"runAfter":{"Set_variable_varLabel3":["Succeeded"]},"type":"SetVariable","inputs":{"name":"varLabel4","value":"@item()?['Label4']"}},"Set_variable_varLabel5":{"runAfter":{"Set_variable_varLabel4":["Succeeded"]},"type":"SetVariable","inputs":{"name":"varLabel5","value":"@item()?['Label5']"}},"Set_variable_varLabel6":{"runAfter":{"Set_variable_varLabel5":["Succeeded"]},"type":"SetVariable","inputs":{"name":"varLabel6","value":"@item()?['Label6']"}},"Set_variable_varLabel7":{"runAfter":{"Set_variable_varLabel6":["Succeeded"]},"type":"SetVariable","inputs":{"name":"varLabel7","value":"@item()?['Label7']"}},"Set_variable_varLabel8":{"runAfter":{"Set_variable_varLabel7":["Succeeded"]},"type":"SetVariable","inputs":{"name":"varLabel8","value":"@item()?['Label8']"}},"Set_variable_varLabel9":{"runAfter":{"Set_variable_varLabel8":["Succeeded"]},"type":"SetVariable","inputs":{"name":"varLabel9","value":"@item()?['Label9']"}},"Set_variable_varLabel10":{"runAfter":{"Set_variable_varLabel9":["Succeeded"]},"type":"SetVariable","inputs":{"name":"varLabel10","value":"@item()?['Label10']"}},"Set_variable_varLabel11":{"runAfter":{"Set_variable_varLabel10":["Succeeded"]},"type":"SetVariable","inputs":{"name":"varLabel11","value":"@item()?['Label11']"}},"Set_variable_varLabel12":{"runAfter":{"Set_variable_varLabel11":["Succeeded"]},"type":"SetVariable","inputs":{"name":"varLabel12","value":"@item()?['Label12']"}},"Set_variable_varLabel13":{"runAfter":{"Set_variable_varLabel12":["Succeeded"]},"type":"SetVariable","inputs":{"name":"varLabel13","value":"@item()?['Label13']"}},"Set_variable_varLabel14":{"runAfter":{"Set_variable_varLabel13":["Succeeded"]},"type":"SetVariable","inputs":{"name":"varLabel14","value":"@item()?['Label14']"}},"Set_variable_varLabel15":{"runAfter":{"Set_variable_varLabel14":["Succeeded"]},"type":"SetVariable","inputs":{"name":"varLabel15","value":"@item()?['Label15']"}},"Set_variable_varLabel16":{"runAfter":{"Set_variable_varLabel15":["Succeeded"]},"type":"SetVariable","inputs":{"name":"varLabel16","value":"@item()?['Label16']"}},"Set_variable_varLabel17":{"runAfter":{"Set_variable_varLabel16":["Succeeded"]},"type":"SetVariable","inputs":{"name":"varLabel17","value":"@item()?['Label17']"}},"Set_variable_varLabel18":{"runAfter":{"Set_variable_varLabel17":["Succeeded"]},"type":"SetVariable","inputs":{"name":"varLabel18","value":"@item()?['Label18']"}},"Set_variable_varLabel19":{"runAfter":{"Set_variable_varLabel18":["Succeeded"]},"type":"SetVariable","inputs":{"name":"varLabel19","value":"@item()?['Label19']"}},"Set_variable_valLabel20":{"runAfter":{"Set_variable_varLabel19":["Succeeded"]},"type":"SetVariable","inputs":{"name":"varLabel20","value":"@item()?['Label20']"}},"Set_variable_varLabel21":{"runAfter":{"Set_variable_valLabel20":["Succeeded"]},"type":"SetVariable","inputs":{"name":"varLabel21","value":"@item()?['Label21']"}},"Set_variable_varLabel22":{"runAfter":{"Set_variable_varLabel21":["Succeeded"]},"type":"SetVariable","inputs":{"name":"varLabel22","value":"@item()?['Label22']"}},"Set_variable_valLabel23":{"runAfter":{"Set_variable_varLabel22":["Succeeded"]},"type":"SetVariable","inputs":{"name":"varLabel23","value":"@item()?['Label23']"}},"Set_variable_varLabel24":{"runAfter":{"Set_variable_valLabel23":["Succeeded"]},"type":"SetVariable","inputs":{"name":"varLabel24","value":"@item()?['Label24']"}},"Set_variable_valLabel25":{"runAfter":{"Set_variable_varLabel24":["Succeeded"]},"type":"SetVariable","inputs":{"name":"varLabel25","value":"@item()?['Label25']"}},"Condition_-_Check_Label1_extract_specifics_to_create_the_Label_Color_formula":{"actions":{"Compose_-_Break-out_the_individual_Label1_values":{"type":"Compose","inputs":"@split(variables('varLabel1'), ',')"},"Apply_to_each":{"foreach":"@outputs('Compose_-_Break-out_the_individual_Label1_values')","actions":{"Condition":{"actions":{"Set_variable_vaLabelPinkMultiple":{"type":"SetVariable","inputs":{"name":"varLabelPink","value":true}}},"else":{"actions":{}},"expression":{"and":[{"equals":["@contains(outputs('Compose_-_Task_Title_and_Task_Description_combined'),items('Apply_to_each'))",true]}]},"type":"If"}},"runAfter":{"Compose_-_Break-out_the_individual_Label1_values":["Succeeded"]},"type":"Foreach"}},"runAfter":{"Update_task_details_Add_check_list":["Succeeded"]},"else":{"actions":{"Set_variable_varLabelPinkSingle":{"type":"SetVariable","inputs":{"name":"varLabelPink","value":"@contains(outputs('Compose_-_Task_Title_and_Task_Description_combined'),variables('varLabel1'))"}}}},"expression":{"and":[{"equals":["@contains(variables('varLabel1'), ',')","@true"]}]},"type":"If"},"Compose_-_Task_Title_and_Task_Description_combined":{"runAfter":{"Set_variable_varTaskDescription":["Succeeded"]},"type":"Compose","inputs":"@concat(variables('varTaskTitle'),variables('varTaskDescription'))"},"Set_variable_varTaskDescription":{"runAfter":{"Get_task_details":["Succeeded"]},"type":"SetVariable","inputs":{"name":"varTaskDescription","value":"@outputs('Get_task_details')?['body/description']"}},"Condition_-_Check_Label2_extract_specifics_to_create_the_Label_Color_formula":{"actions":{"Compose_-_Break-out_the_individual_Label2_values":{"type":"Compose","inputs":"@split(variables('varLabel2'), ',')"},"Apply_to_each_-_Individual_Label2_items":{"foreach":"@outputs('Compose_-_Break-out_the_individual_Label2_values')","actions":{"Condition_-_Check_if_Task_details_contain_Label2_items":{"actions":{"Set_variable_vaLabel1Multiple":{"type":"SetVariable","inputs":{"name":"varLabelRed","value":true}}},"else":{"actions":{}},"expression":{"and":[{"equals":["@contains(outputs('Compose_-_Task_Title_and_Task_Description_combined'),items('Apply_to_each_-_Individual_Label2_items'))",true]}]},"type":"If"}},"runAfter":{"Compose_-_Break-out_the_individual_Label2_values":["Succeeded"]},"type":"Foreach"}},"runAfter":{"Condition_-_Check_Label1_extract_specifics_to_create_the_Label_Color_formula":["Succeeded"]},"else":{"actions":{"Set_variable_varLabel2Single":{"type":"SetVariable","inputs":{"name":"varLabelRed","value":"@contains(outputs('Compose_-_Task_Title_and_Task_Description_combined'),variables('varLabel2'))"}}}},"expression":{"and":[{"equals":["@contains(variables('varLabel2'), ',')","@true"]}]},"type":"If"},"Condition_-_Check_Label3_extract_specifics_to_create_the_Label_Color_formula":{"actions":{"Compose_-_Break-out_the_individual_Label3_values":{"type":"Compose","inputs":"@split(variables('varLabel3'), ',')"},"Apply_to_each_-_Individual_Label3_items":{"foreach":"@outputs('Compose_-_Break-out_the_individual_Label3_values')","actions":{"Condition_-_Check_if_Task_details_contain_Label3_items":{"actions":{"Set_variable_vaLabel3Multiple":{"type":"SetVariable","inputs":{"name":"varLabelYellow","value":true}}},"else":{"actions":{}},"expression":{"and":[{"equals":["@contains(outputs('Compose_-_Task_Title_and_Task_Description_combined'),items('Apply_to_each_-_Individual_Label3_items'))",true]}]},"type":"If"}},"runAfter":{"Compose_-_Break-out_the_individual_Label3_values":["Succeeded"]},"type":"Foreach"}},"runAfter":{"Condition_-_Check_Label2_extract_specifics_to_create_the_Label_Color_formula":["Succeeded"]},"else":{"actions":{"Set_variable_varLabel3Single":{"type":"SetVariable","inputs":{"name":"varLabelYellow","value":"@contains(outputs('Compose_-_Task_Title_and_Task_Description_combined'),variables('varLabel3'))"}}}},"expression":{"and":[{"equals":["@contains(variables('varLabel3'), ',')","@true"]}]},"type":"If"},"Condition_-_Check_Label4_extract_specifics_to_create_the_Label_Color_formula":{"actions":{"Compose_-_Break-out_the_individual_Label4_values":{"type":"Compose","inputs":"@split(variables('varLabel4'), ',')"},"Apply_to_each_-_Individual_Label4_items":{"foreach":"@outputs('Compose_-_Break-out_the_individual_Label4_values')","actions":{"Condition_-_Check_if_Task_details_contain_Label4_items":{"actions":{"Set_variable_vaLabel4Multiple":{"type":"SetVariable","inputs":{"name":"varLabelGreen","value":true}}},"else":{"actions":{}},"expression":{"and":[{"equals":["@contains(outputs('Compose_-_Task_Title_and_Task_Description_combined'),items('Apply_to_each_-_Individual_Label4_items'))",true]}]},"type":"If"}},"runAfter":{"Compose_-_Break-out_the_individual_Label4_values":["Succeeded"]},"type":"Foreach"}},"runAfter":{"Condition_-_Check_Label3_extract_specifics_to_create_the_Label_Color_formula":["Succeeded"]},"else":{"actions":{"Set_variable_varLabel4Single":{"type":"SetVariable","inputs":{"name":"varLabelGreen","value":"@contains(outputs('Compose_-_Task_Title_and_Task_Description_combined'),variables('varLabel4'))"}}}},"expression":{"and":[{"equals":["@contains(variables('varLabel4'), ',')","@true"]}]},"type":"If"},"Condition_-_Check_Label5_extract_specifics_to_create_the_Label_Color_formula":{"actions":{"Compose_-_Break-out_the_individual_Label5_values":{"type":"Compose","inputs":"@split(variables('varLabel5'), ',')"},"Apply_to_each_-_Individual_Label5_items":{"foreach":"@outputs('Compose_-_Break-out_the_individual_Label5_values')","actions":{"Condition_-_Check_if_Task_details_contain_Label5_items":{"actions":{"Set_variable_vaLabel5Multiple":{"type":"SetVariable","inputs":{"name":"varLabelBlue","value":true}}},"else":{"actions":{}},"expression":{"and":[{"equals":["@contains(outputs('Compose_-_Task_Title_and_Task_Description_combined'),items('Apply_to_each_-_Individual_Label5_items'))",true]}]},"type":"If"}},"runAfter":{"Compose_-_Break-out_the_individual_Label5_values":["Succeeded"]},"type":"Foreach"}},"runAfter":{"Condition_-_Check_Label4_extract_specifics_to_create_the_Label_Color_formula":["Succeeded"]},"else":{"actions":{"Set_variable_varLabel5Single":{"type":"SetVariable","inputs":{"name":"varLabelBlue","value":"@contains(outputs('Compose_-_Task_Title_and_Task_Description_combined'),variables('varLabel5'))"}}}},"expression":{"and":[{"equals":["@contains(variables('varLabel5'), ',')","@true"]}]},"type":"If"},"Condition_-_Check_Label6_extract_specifics_to_create_the_Label_Color_formula":{"actions":{"Compose_-_Break-out_the_individual_Label6_values":{"type":"Compose","inputs":"@split(variables('varLabel6'), ',')"},"Apply_to_each_-_Individual_Label6_items":{"foreach":"@outputs('Compose_-_Break-out_the_individual_Label6_values')","actions":{"Condition_-_Check_if_Task_details_contain_Label6_items":{"actions":{"Set_variable_vaLabel6Multiple":{"type":"SetVariable","inputs":{"name":"varLabelPurple","value":true}}},"else":{"actions":{}},"expression":{"and":[{"equals":["@contains(outputs('Compose_-_Task_Title_and_Task_Description_combined'),items('Apply_to_each_-_Individual_Label6_items'))",true]}]},"type":"If"}},"runAfter":{"Compose_-_Break-out_the_individual_Label6_values":["Succeeded"]},"type":"Foreach"}},"runAfter":{"Condition_-_Check_Label5_extract_specifics_to_create_the_Label_Color_formula":["Succeeded"]},"else":{"actions":{"Set_variable_varLabel6Single":{"type":"SetVariable","inputs":{"name":"varLabelPurple","value":"@contains(outputs('Compose_-_Task_Title_and_Task_Description_combined'),variables('varLabel6'))"}}}},"expression":{"and":[{"equals":["@contains(variables('varLabel6'), ',')","@true"]}]},"type":"If"},"Condition_-_Check_Label7_extract_specifics_to_create_the_Label_Color_formula":{"actions":{"Compose_-_Break-out_the_individual_Label7_values":{"type":"Compose","inputs":"@split(variables('varLabel7'), ',')"},"Apply_to_each_-_Individual_Label7_items":{"foreach":"@outputs('Compose_-_Break-out_the_individual_Label7_values')","actions":{"Condition_-_Check_if_Task_details_contain_Label7_items":{"actions":{"Set_variable_vaLabel7Multiple":{"type":"SetVariable","inputs":{"name":"varLabelBronze","value":true}}},"else":{"actions":{}},"expression":{"and":[{"equals":["@contains(outputs('Compose_-_Task_Title_and_Task_Description_combined'),items('Apply_to_each_-_Individual_Label7_items'))",true]}]},"type":"If"}},"runAfter":{"Compose_-_Break-out_the_individual_Label7_values":["Succeeded"]},"type":"Foreach"}},"runAfter":{"Condition_-_Check_Label6_extract_specifics_to_create_the_Label_Color_formula":["Succeeded"]},"else":{"actions":{"Set_variable_varLabel7Single":{"type":"SetVariable","inputs":{"name":"varLabelBronze","value":"@contains(outputs('Compose_-_Task_Title_and_Task_Description_combined'),variables('varLabel7'))"}}}},"expression":{"and":[{"equals":["@contains(variables('varLabel7'), ',')","@true"]}]},"type":"If"},"Condition_-_Check_Label8_extract_specifics_to_create_the_Label_Color_formula":{"actions":{"Compose_-_Break-out_the_individual_Label8_values":{"type":"Compose","inputs":"@split(variables('varLabel8'), ',')"},"Apply_to_each_-_Individual_Label8_items":{"foreach":"@outputs('Compose_-_Break-out_the_individual_Label8_values')","actions":{"Condition_-_Check_if_Task_details_contain_Label8_items":{"actions":{"Set_variable_vaLabel8Multiple":{"type":"SetVariable","inputs":{"name":"varLabelLime","value":true}}},"else":{"actions":{}},"expression":{"and":[{"equals":["@contains(outputs('Compose_-_Task_Title_and_Task_Description_combined'),items('Apply_to_each_-_Individual_Label8_items'))",true]}]},"type":"If"}},"runAfter":{"Compose_-_Break-out_the_individual_Label8_values":["Succeeded"]},"type":"Foreach"}},"runAfter":{"Condition_-_Check_Label7_extract_specifics_to_create_the_Label_Color_formula":["Succeeded"]},"else":{"actions":{"Set_variable_varLabel8Single":{"type":"SetVariable","inputs":{"name":"varLabelLime","value":"@contains(outputs('Compose_-_Task_Title_and_Task_Description_combined'),variables('varLabel8'))"}}}},"expression":{"and":[{"equals":["@contains(variables('varLabel8'), ',')","@true"]}]},"type":"If"},"Condition_-_Check_Label9_extract_specifics_to_create_the_Label_Color_formula":{"actions":{"Compose_-_Break-out_the_individual_Label9_values":{"type":"Compose","inputs":"@split(variables('varLabel9'), ',')"},"Apply_to_each_-_Individual_Label9_items":{"foreach":"@outputs('Compose_-_Break-out_the_individual_Label9_values')","actions":{"Condition_-_Check_if_Task_details_contain_Label9_items":{"actions":{"Set_variable_vaLabel9Multiple":{"type":"SetVariable","inputs":{"name":"varLabelAqua","value":true}}},"else":{"actions":{}},"expression":{"and":[{"equals":["@contains(outputs('Compose_-_Task_Title_and_Task_Description_combined'),items('Apply_to_each_-_Individual_Label9_items'))",true]}]},"type":"If"}},"runAfter":{"Compose_-_Break-out_the_individual_Label9_values":["Succeeded"]},"type":"Foreach"}},"runAfter":{"Condition_-_Check_Label8_extract_specifics_to_create_the_Label_Color_formula":["Succeeded"]},"else":{"actions":{"Set_variable_varLabel9Single":{"type":"SetVariable","inputs":{"name":"varLabelAqua","value":"@contains(outputs('Compose_-_Task_Title_and_Task_Description_combined'),variables('varLabel9'))"}}}},"expression":{"and":[{"equals":["@contains(variables('varLabel9'), ',')","@true"]}]},"type":"If"},"Condition_-_Check_Label10_extract_specifics_to_create_the_Label_Color_formula":{"actions":{"Compose_-_Break-out_the_individual_Label10_values":{"type":"Compose","inputs":"@split(variables('varLabel10'), ',')"},"Apply_to_each_-_Individual_Label10_items":{"foreach":"@outputs('Compose_-_Break-out_the_individual_Label10_values')","actions":{"Condition_-_Check_if_Task_details_contain_Label10_items":{"actions":{"Set_variable_vaLabel10Multiple":{"type":"SetVariable","inputs":{"name":"varLabelGray","value":true}}},"else":{"actions":{}},"expression":{"and":[{"equals":["@contains(outputs('Compose_-_Task_Title_and_Task_Description_combined'),items('Apply_to_each_-_Individual_Label10_items'))",true]}]},"type":"If"}},"runAfter":{"Compose_-_Break-out_the_individual_Label10_values":["Succeeded"]},"type":"Foreach"}},"runAfter":{"Condition_-_Check_Label9_extract_specifics_to_create_the_Label_Color_formula":["Succeeded"]},"else":{"actions":{"Set_variable_varLabel10Single":{"type":"SetVariable","inputs":{"name":"varLabelGray","value":"@contains(outputs('Compose_-_Task_Title_and_Task_Description_combined'),variables('varLabel10'))"}}}},"expression":{"and":[{"equals":["@contains(variables('varLabel10'), ',')","@true"]}]},"type":"If"},"Condition_-_Check_Label11_extract_specifics_to_create_the_Label_Color_formula":{"actions":{"Compose_-_Break-out_the_individual_Label11_values":{"type":"Compose","inputs":"@split(variables('varLabel11'), ',')"},"Apply_to_each_-_Individual_Label11_items":{"foreach":"@outputs('Compose_-_Break-out_the_individual_Label11_values')","actions":{"Condition_-_Check_if_Task_details_contain_Label11_items":{"actions":{"Set_variable_vaLabel11Multiple":{"type":"SetVariable","inputs":{"name":"varLabelSilver","value":true}}},"else":{"actions":{}},"expression":{"and":[{"equals":["@contains(outputs('Compose_-_Task_Title_and_Task_Description_combined'),items('Apply_to_each_-_Individual_Label11_items'))",true]}]},"type":"If"}},"runAfter":{"Compose_-_Break-out_the_individual_Label11_values":["Succeeded"]},"type":"Foreach"}},"runAfter":{"Condition_-_Check_Label10_extract_specifics_to_create_the_Label_Color_formula":["Succeeded"]},"else":{"actions":{"Set_variable_varLabel10Single_1":{"type":"SetVariable","inputs":{"name":"varLabelSilver","value":"@contains(outputs('Compose_-_Task_Title_and_Task_Description_combined'),variables('varLabel11'))"}}}},"expression":{"and":[{"equals":["@contains(variables('varLabel11'), ',')","@true"]}]},"type":"If"},"Condition_-_Check_Label12_extract_specifics_to_create_the_Label_Color_formula":{"actions":{"Compose_-_Break-out_the_individual_Label12_values":{"type":"Compose","inputs":"@split(variables('varLabel12'), ',')"},"Apply_to_each_-_Individual_Label12_items":{"foreach":"@outputs('Compose_-_Break-out_the_individual_Label12_values')","actions":{"Condition_-_Check_if_Task_details_contain_Label12_items":{"actions":{"Set_variable_vaLabel12Multiple":{"type":"SetVariable","inputs":{"name":"varLabelBrown","value":true}}},"else":{"actions":{}},"expression":{"and":[{"equals":["@contains(outputs('Compose_-_Task_Title_and_Task_Description_combined'),items('Apply_to_each_-_Individual_Label12_items'))",true]}]},"type":"If"}},"runAfter":{"Compose_-_Break-out_the_individual_Label12_values":["Succeeded"]},"type":"Foreach"}},"runAfter":{"Condition_-_Check_Label11_extract_specifics_to_create_the_Label_Color_formula":["Succeeded"]},"else":{"actions":{"Set_variable_varLabel12Single":{"type":"SetVariable","inputs":{"name":"varLabelBrown","value":"@contains(outputs('Compose_-_Task_Title_and_Task_Description_combined'),variables('varLabel12'))"}}}},"expression":{"and":[{"equals":["@contains(variables('varLabel12'), ',')","@true"]}]},"type":"If"},"Condition_-_Check_Label13_extract_specifics_to_create_the_Label_Color_formula":{"actions":{"Compose_-_Break-out_the_individual_Label13_values":{"type":"Compose","inputs":"@split(variables('varLabel13'), ',')"},"Apply_to_each_-_Individual_Label13_items":{"foreach":"@outputs('Compose_-_Break-out_the_individual_Label13_values')","actions":{"Condition_-_Check_if_Task_details_contain_Label13_items":{"actions":{"Set_variable_vaLabel13Multiple":{"type":"SetVariable","inputs":{"name":"varLabelCranberry","value":true}}},"else":{"actions":{}},"expression":{"and":[{"equals":["@contains(outputs('Compose_-_Task_Title_and_Task_Description_combined'),items('Apply_to_each_-_Individual_Label13_items'))",true]}]},"type":"If"}},"runAfter":{"Compose_-_Break-out_the_individual_Label13_values":["Succeeded"]},"type":"Foreach"}},"runAfter":{"Condition_-_Check_Label12_extract_specifics_to_create_the_Label_Color_formula":["Succeeded"]},"else":{"actions":{"Set_variable_varLabel13Single":{"type":"SetVariable","inputs":{"name":"varLabelCranberry","value":"@contains(outputs('Compose_-_Task_Title_and_Task_Description_combined'),variables('varLabel13'))"}}}},"expression":{"and":[{"equals":["@contains(variables('varLabel13'), ',')","@true"]}]},"type":"If"},"Condition_-_Check_Label14_extract_specifics_to_create_the_Label_Color_formula":{"actions":{"Compose_-_Break-out_the_individual_Label14_values":{"type":"Compose","inputs":"@split(variables('varLabel14'), ',')"},"Apply_to_each_-_Individual_Label14_items":{"foreach":"@outputs('Compose_-_Break-out_the_individual_Label14_values')","actions":{"Condition_-_Check_if_Task_details_contain_Label14_items":{"actions":{"Set_variable_vaLabel14Multiple":{"type":"SetVariable","inputs":{"name":"varLabelOrange","value":true}}},"else":{"actions":{}},"expression":{"and":[{"equals":["@contains(outputs('Compose_-_Task_Title_and_Task_Description_combined'),items('Apply_to_each_-_Individual_Label14_items'))",true]}]},"type":"If"}},"runAfter":{"Compose_-_Break-out_the_individual_Label14_values":["Succeeded"]},"type":"Foreach"}},"runAfter":{"Condition_-_Check_Label13_extract_specifics_to_create_the_Label_Color_formula":["Succeeded"]},"else":{"actions":{"Set_variable_varLabel14Single":{"type":"SetVariable","inputs":{"name":"varLabelOrange","value":"@contains(outputs('Compose_-_Task_Title_and_Task_Description_combined'),variables('varLabel14'))"}}}},"expression":{"and":[{"equals":["@contains(variables('varLabel14'), ',')","@true"]}]},"type":"If"},"Condition_-_Check_Label15_extract_specifics_to_create_the_Label_Color_formula":{"actions":{"Compose_-_Break-out_the_individual_Label15_values":{"type":"Compose","inputs":"@split(variables('varLabel15'), ',')"},"Apply_to_each_-_Individual_Label15_items":{"foreach":"@outputs('Compose_-_Break-out_the_individual_Label15_values')","actions":{"Condition_-_Check_if_Task_details_contain_Label15_items":{"actions":{"Set_variable_vaLabel15Multiple":{"type":"SetVariable","inputs":{"name":"varLabelPeach","value":true}}},"else":{"actions":{}},"expression":{"and":[{"equals":["@contains(outputs('Compose_-_Task_Title_and_Task_Description_combined'),items('Apply_to_each_-_Individual_Label15_items'))",true]}]},"type":"If"}},"runAfter":{"Compose_-_Break-out_the_individual_Label15_values":["Succeeded"]},"type":"Foreach"}},"runAfter":{"Condition_-_Check_Label14_extract_specifics_to_create_the_Label_Color_formula":["Succeeded"]},"else":{"actions":{"Set_variable_varLabel15Single":{"type":"SetVariable","inputs":{"name":"varLabelPeach","value":"@contains(outputs('Compose_-_Task_Title_and_Task_Description_combined'),variables('varLabel15'))"}}}},"expression":{"and":[{"equals":["@contains(variables('varLabel15'), ',')","@true"]}]},"type":"If"},"Condition_-_Check_Label16_extract_specifics_to_create_the_Label_Color_formula":{"actions":{"Compose_-_Break-out_the_individual_Label16_values":{"type":"Compose","inputs":"@split(variables('varLabel16'), ',')"},"Apply_to_each_-_Individual_Label16_items":{"foreach":"@outputs('Compose_-_Break-out_the_individual_Label16_values')","actions":{"Condition_-_Check_if_Task_details_contain_Label16_items":{"actions":{"Set_variable_vaLabel16Multiple":{"type":"SetVariable","inputs":{"name":"varLabelMarigold","value":true}}},"else":{"actions":{}},"expression":{"and":[{"equals":["@contains(outputs('Compose_-_Task_Title_and_Task_Description_combined'),items('Apply_to_each_-_Individual_Label16_items'))",true]}]},"type":"If"}},"runAfter":{"Compose_-_Break-out_the_individual_Label16_values":["Succeeded"]},"type":"Foreach"}},"runAfter":{"Condition_-_Check_Label15_extract_specifics_to_create_the_Label_Color_formula":["Succeeded"]},"else":{"actions":{"Set_variable_varLabel16Single":{"type":"SetVariable","inputs":{"name":"varLabelMarigold","value":"@contains(outputs('Compose_-_Task_Title_and_Task_Description_combined'),variables('varLabel16'))"}}}},"expression":{"and":[{"equals":["@contains(variables('varLabel16'), ',')","@true"]}]},"type":"If"},"Condition_-_Check_Label17_extract_specifics_to_create_the_Label_Color_formula":{"actions":{"Compose_-_Break-out_the_individual_Label17_values":{"type":"Compose","inputs":"@split(variables('varLabel17'), ',')"},"Apply_to_each_-_Individual_Label17_items":{"foreach":"@outputs('Compose_-_Break-out_the_individual_Label17_values')","actions":{"Condition_-_Check_if_Task_details_contain_Label17_items":{"actions":{"Set_variable_vaLabel17Multiple":{"type":"SetVariable","inputs":{"name":"varLabelLightGreen","value":true}}},"else":{"actions":{}},"expression":{"and":[{"equals":["@contains(outputs('Compose_-_Task_Title_and_Task_Description_combined'),items('Apply_to_each_-_Individual_Label17_items'))",true]}]},"type":"If"}},"runAfter":{"Compose_-_Break-out_the_individual_Label17_values":["Succeeded"]},"type":"Foreach"}},"runAfter":{"Condition_-_Check_Label16_extract_specifics_to_create_the_Label_Color_formula":["Succeeded"]},"else":{"actions":{"Set_variable_varLabel17Single":{"type":"SetVariable","inputs":{"name":"varLabelLightGreen","value":"@contains(outputs('Compose_-_Task_Title_and_Task_Description_combined'),variables('varLabel17'))"}}}},"expression":{"and":[{"equals":["@contains(variables('varLabel17'), ',')","@true"]}]},"type":"If"},"Condition_-_Check_Label18_extract_specifics_to_create_the_Label_Color_formula":{"actions":{"Compose_-_Break-out_the_individual_Label18_values":{"type":"Compose","inputs":"@split(variables('varLabel18'), ',')"},"Apply_to_each_-_Individual_Label18_items":{"foreach":"@outputs('Compose_-_Break-out_the_individual_Label18_values')","actions":{"Condition_-_Check_if_Task_details_contain_Label18_items":{"actions":{"Set_variable_vaLabel18Multiple":{"type":"SetVariable","inputs":{"name":"varLabelDarkGreen","value":true}}},"else":{"actions":{}},"expression":{"and":[{"equals":["@contains(outputs('Compose_-_Task_Title_and_Task_Description_combined'),items('Apply_to_each_-_Individual_Label18_items'))",true]}]},"type":"If"}},"runAfter":{"Compose_-_Break-out_the_individual_Label18_values":["Succeeded"]},"type":"Foreach"}},"runAfter":{"Condition_-_Check_Label17_extract_specifics_to_create_the_Label_Color_formula":["Succeeded"]},"else":{"actions":{"Set_variable_varLabel18Single":{"type":"SetVariable","inputs":{"name":"varLabelDarkGreen","value":"@contains(outputs('Compose_-_Task_Title_and_Task_Description_combined'),variables('varLabel18'))"}}}},"expression":{"and":[{"equals":["@contains(variables('varLabel18'), ',')","@true"]}]},"type":"If"},"Condition_-_Check_Label19_extract_specifics_to_create_the_Label_Color_formula":{"actions":{"Compose_-_Break-out_the_individual_Label19_values":{"type":"Compose","inputs":"@split(variables('varLabel19'), ',')"},"Apply_to_each_-_Individual_Label19_items":{"foreach":"@outputs('Compose_-_Break-out_the_individual_Label19_values')","actions":{"Condition_-_Check_if_Task_details_contain_Label19_items":{"actions":{"Set_variable_vaLabel19Multiple":{"type":"SetVariable","inputs":{"name":"varLabelTeal","value":true}}},"else":{"actions":{}},"expression":{"and":[{"equals":["@contains(outputs('Compose_-_Task_Title_and_Task_Description_combined'),items('Apply_to_each_-_Individual_Label19_items'))",true]}]},"type":"If"}},"runAfter":{"Compose_-_Break-out_the_individual_Label19_values":["Succeeded"]},"type":"Foreach"}},"runAfter":{"Condition_-_Check_Label18_extract_specifics_to_create_the_Label_Color_formula":["Succeeded"]},"else":{"actions":{"Set_variable_varLabel19Single":{"type":"SetVariable","inputs":{"name":"varLabelTeal","value":"@contains(outputs('Compose_-_Task_Title_and_Task_Description_combined'),variables('varLabel19'))"}}}},"expression":{"and":[{"equals":["@contains(variables('varLabel19'), ',')","@true"]}]},"type":"If"},"Condition_-_Check_Label20_extract_specifics_to_create_the_Label_Color_formula":{"actions":{"Compose_-_Break-out_the_individual_Label20_values":{"type":"Compose","inputs":"@split(variables('varLabel20'), ',')"},"Apply_to_each_-_Individual_Label20_items":{"foreach":"@outputs('Compose_-_Break-out_the_individual_Label20_values')","actions":{"Condition_-_Check_if_Task_details_contain_Label20_items":{"actions":{"Set_variable_vaLabel20Multiple":{"type":"SetVariable","inputs":{"name":"varLabelLightBlue","value":true}}},"else":{"actions":{}},"expression":{"and":[{"equals":["@contains(outputs('Compose_-_Task_Title_and_Task_Description_combined'),items('Apply_to_each_-_Individual_Label20_items'))",true]}]},"type":"If"}},"runAfter":{"Compose_-_Break-out_the_individual_Label20_values":["Succeeded"]},"type":"Foreach"}},"runAfter":{"Condition_-_Check_Label19_extract_specifics_to_create_the_Label_Color_formula":["Succeeded"]},"else":{"actions":{"Set_variable_varLabel20Single":{"type":"SetVariable","inputs":{"name":"varLabelLightBlue","value":"@contains(outputs('Compose_-_Task_Title_and_Task_Description_combined'),variables('varLabel20'))"}}}},"expression":{"and":[{"equals":["@contains(variables('varLabel20'), ',')","@true"]}]},"type":"If"},"Condition_-_Check_Label21_extract_specifics_to_create_the_Label_Color_formula":{"actions":{"Compose_-_Break-out_the_individual_Label21_values":{"type":"Compose","inputs":"@split(variables('varLabel21'), ',')"},"Apply_to_each_-_Individual_Label21_items":{"foreach":"@outputs('Compose_-_Break-out_the_individual_Label21_values')","actions":{"Condition_-_Check_if_Task_details_contain_Label21_items":{"actions":{"Set_variable_vaLabel21Multiple":{"type":"SetVariable","inputs":{"name":"varLabelDarkBlue","value":true}}},"else":{"actions":{}},"expression":{"and":[{"equals":["@contains(outputs('Compose_-_Task_Title_and_Task_Description_combined'),items('Apply_to_each_-_Individual_Label21_items'))",true]}]},"type":"If"}},"runAfter":{"Compose_-_Break-out_the_individual_Label21_values":["Succeeded"]},"type":"Foreach"}},"runAfter":{"Condition_-_Check_Label20_extract_specifics_to_create_the_Label_Color_formula":["Succeeded"]},"else":{"actions":{"Set_variable_varLabel21Single":{"type":"SetVariable","inputs":{"name":"varLabelDarkBlue","value":"@contains(outputs('Compose_-_Task_Title_and_Task_Description_combined'),variables('varLabel21'))"}}}},"expression":{"and":[{"equals":["@contains(variables('varLabel21'), ',')","@true"]}]},"type":"If"},"Condition_-_Check_Label22_extract_specifics_to_create_the_Label_Color_formula":{"actions":{"Compose_-_Break-out_the_individual_Label22_values":{"type":"Compose","inputs":"@split(variables('varLabel22'), ',')"},"Apply_to_each_-_Individual_Label22_items":{"foreach":"@outputs('Compose_-_Break-out_the_individual_Label22_values')","actions":{"Condition_-_Check_if_Task_details_contain_Label22_items":{"actions":{"Set_variable_vaLabel22Multiple":{"type":"SetVariable","inputs":{"name":"varLabelLavender","value":true}}},"else":{"actions":{}},"expression":{"and":[{"equals":["@contains(outputs('Compose_-_Task_Title_and_Task_Description_combined'),items('Apply_to_each_-_Individual_Label22_items'))",true]}]},"type":"If"}},"runAfter":{"Compose_-_Break-out_the_individual_Label22_values":["Succeeded"]},"type":"Foreach"}},"runAfter":{"Condition_-_Check_Label21_extract_specifics_to_create_the_Label_Color_formula":["Succeeded"]},"else":{"actions":{"Set_variable_varLabel22Single":{"type":"SetVariable","inputs":{"name":"varLabelLavender","value":"@contains(outputs('Compose_-_Task_Title_and_Task_Description_combined'),variables('varLabel22'))"}}}},"expression":{"and":[{"equals":["@contains(variables('varLabel22'), ',')","@true"]}]},"type":"If"},"Condition_-_Check_Label23_extract_specifics_to_create_the_Label_Color_formula":{"actions":{"Compose_-_Break-out_the_individual_Label23_values":{"type":"Compose","inputs":"@split(variables('varLabel23'), ',')"},"Apply_to_each_-_Individual_Label23_items":{"foreach":"@outputs('Compose_-_Break-out_the_individual_Label23_values')","actions":{"Condition_-_Check_if_Task_details_contain_Label23_items":{"actions":{"Set_variable_vaLabel23Multiple":{"type":"SetVariable","inputs":{"name":"varLabelPlum","value":true}}},"else":{"actions":{}},"expression":{"and":[{"equals":["@contains(outputs('Compose_-_Task_Title_and_Task_Description_combined'),items('Apply_to_each_-_Individual_Label23_items'))",true]}]},"type":"If"}},"runAfter":{"Compose_-_Break-out_the_individual_Label23_values":["Succeeded"]},"type":"Foreach"}},"runAfter":{"Condition_-_Check_Label22_extract_specifics_to_create_the_Label_Color_formula":["Succeeded"]},"else":{"actions":{"Set_variable_varLabel23Single":{"type":"SetVariable","inputs":{"name":"varLabelPlum","value":"@contains(outputs('Compose_-_Task_Title_and_Task_Description_combined'),variables('varLabel23'))"}}}},"expression":{"and":[{"equals":["@contains(variables('varLabel23'), ',')","@true"]}]},"type":"If"},"Condition_-_Check_Label24_extract_specifics_to_create_the_Label_Color_formula":{"actions":{"Compose_-_Break-out_the_individual_Label24_values":{"type":"Compose","inputs":"@split(variables('varLabel24'), ',')"},"Apply_to_each_-_Individual_Label24_items":{"foreach":"@outputs('Compose_-_Break-out_the_individual_Label24_values')","actions":{"Condition_-_Check_if_Task_details_contain_Label24_items":{"actions":{"Set_variable_vaLabel24Multiple":{"type":"SetVariable","inputs":{"name":"varLabelLightGray","value":true}}},"else":{"actions":{}},"expression":{"and":[{"equals":["@contains(outputs('Compose_-_Task_Title_and_Task_Description_combined'),items('Apply_to_each_-_Individual_Label24_items'))",true]}]},"type":"If"}},"runAfter":{"Compose_-_Break-out_the_individual_Label24_values":["Succeeded"]},"type":"Foreach"}},"runAfter":{"Condition_-_Check_Label23_extract_specifics_to_create_the_Label_Color_formula":["Succeeded"]},"else":{"actions":{"Set_variable_varLabel24Single":{"type":"SetVariable","inputs":{"name":"varLabelLightGray","value":"@contains(outputs('Compose_-_Task_Title_and_Task_Description_combined'),variables('varLabel24'))"}}}},"expression":{"and":[{"equals":["@contains(variables('varLabel24'), ',')","@true"]}]},"type":"If"},"Condition_-_Check_Label25_extract_specifics_to_create_the_Label_Color_formula":{"actions":{"Compose_-_Break-out_the_individual_Label25_values":{"type":"Compose","inputs":"@split(variables('varLabel25'), ',')"},"Apply_to_each_-_Individual_Label25_items":{"foreach":"@outputs('Compose_-_Break-out_the_individual_Label25_values')","actions":{"Condition_-_Check_if_Task_details_contain_Label25_items":{"actions":{"Set_variable_vaLabel25Multiple":{"type":"SetVariable","inputs":{"name":"varLabelDarkGray","value":true}}},"else":{"actions":{}},"expression":{"and":[{"equals":["@contains(outputs('Compose_-_Task_Title_and_Task_Description_combined'),items('Apply_to_each_-_Individual_Label25_items'))",true]}]},"type":"If"}},"runAfter":{"Compose_-_Break-out_the_individual_Label25_values":["Succeeded"]},"type":"Foreach"}},"runAfter":{"Condition_-_Check_Label24_extract_specifics_to_create_the_Label_Color_formula":["Succeeded"]},"else":{"actions":{"Set_variable_varLabel25Single":{"type":"SetVariable","inputs":{"name":"varLabelDarkGray","value":"@contains(outputs('Compose_-_Task_Title_and_Task_Description_combined'),variables('varLabel25'))"}}}},"expression":{"and":[{"equals":["@contains(variables('varLabel25'), ',')","@true"]}]},"type":"If"}},"runAfter":{"8_sec_Delay_for_the_influx_of_Message_Centre_items":["Succeeded"]},"type":"Foreach"},"Initialize_variable_varTeamId":{"runAfter":{"Initialize_variable_varTheManagedByOtherServiceOwners":["Succeeded"]},"type":"InitializeVariable","inputs":{"variables":[{"name":"varTeamID","type":"string"}]}},"Initialize_variable_varFYIBucket":{"runAfter":{"Initialize_variable_varPlanner":["Succeeded"]},"metadata":{"operationMetadataId":"849a1aa5-97aa-4b93-a9c5-9d047d274ea1"},"type":"InitializeVariable","inputs":{"variables":[{"name":"varFYIBucket","type":"string"}]}},"Initialize_variable_varForReviewBucket":{"runAfter":{"Initialize_variable_varFYIBucket":["Succeeded"]},"metadata":{"operationMetadataId":"d73a111d-7299-4d6f-b5fb-70054e98af82"},"type":"InitializeVariable","inputs":{"variables":[{"name":"varForReviewBucket","type":"string"}]}},"Initialize_variable_varFeaturesNotIn-UseAndCheckBeforeClosingBucket":{"runAfter":{"Initialize_variable_varYourDomain":["Succeeded"]},"metadata":{"operationMetadataId":"d73a111d-7299-4d6f-b5fb-70054e98af82"},"type":"InitializeVariable","inputs":{"variables":[{"name":"varFeaturesNotIn-useBucket","type":"string"}]}},"Initialize_variable_varManagedByOtherServiceOwnersBucket":{"runAfter":{"Initialize_variable_varTheFeaturesNotIn-UseAndCheckBeforeClosing":["Succeeded"]},"metadata":{"operationMetadataId":"d73a111d-7299-4d6f-b5fb-70054e98af82"},"type":"InitializeVariable","inputs":{"variables":[{"name":"varManagedByOtherServiceOwnersBucket","type":"string"}]}},"Initialize_variable_varChannelId":{"runAfter":{"Initialize_variable_varTeamId":["Succeeded"]},"metadata":{"operationMetadataId":"8711b0cb-2503-468f-a0cd-dedfa61245ab"},"type":"InitializeVariable","inputs":{"variables":[{"name":"varChannelId","type":"string"}]}},"Initialize_variable_varPlannerTaskLink":{"runAfter":{"Initialize_variable_varChannelId":["Succeeded"]},"metadata":{"operationMetadataId":"9e679349-a8b5-4f73-9820-e98ea7637e58"},"type":"InitializeVariable","inputs":{"variables":[{"name":"varPlannerTaskLink","type":"string"}]}},"Initialize_variable_varServiceOwner1":{"runAfter":{"Initialize_variable_varPlannerTaskLink":["Succeeded"]},"metadata":{"operationMetadataId":"799eda6d-2fde-429f-8d86-c1e865c048e6"},"type":"InitializeVariable","inputs":{"variables":[{"name":"varServiceOwner1","type":"string"}]}},"Initialize_variable_varServiceOwner2":{"runAfter":{"Initialize_variable_varServiceTasks1":["Succeeded"]},"metadata":{"operationMetadataId":"7ffb8d93-8a97-4515-8e50-db84a696582b"},"type":"InitializeVariable","inputs":{"variables":[{"name":"varServiceOwner2","type":"string"}]}},"Initialize_variable_varServiceOwner3":{"runAfter":{"Initialize_variable_varServiceTasks2":["Succeeded"]},"metadata":{"operationMetadataId":"6316688c-271e-4d6e-aefb-de2c6cd0c22b"},"type":"InitializeVariable","inputs":{"variables":[{"name":"varServiceOwner3","type":"string"}]}},"Initialize_variable_varServiceOwner4":{"runAfter":{"Initialize_variable_varServiceTasks3":["Succeeded"]},"metadata":{"operationMetadataId":"bfa5a4e4-0ab8-4894-b422-5538c7de1255"},"type":"InitializeVariable","inputs":{"variables":[{"name":"varServiceOwner4","type":"string"}]}},"Initialize_variable_varServiceOwner5":{"runAfter":{"Initialize_variable_varServiceTasks4":["Succeeded"]},"metadata":{"operationMetadataId":"8d373a29-356f-4456-a345-fb40d482b4f1"},"type":"InitializeVariable","inputs":{"variables":[{"name":"varServiceOwner5","type":"string"}]}},"Initialize_variable_varServiceTasks5":{"runAfter":{"Initialize_variable_varServiceOwner5":["Succeeded"]},"metadata":{"operationMetadataId":"8d373a29-356f-4456-a345-fb40d482b4f1"},"type":"InitializeVariable","inputs":{"variables":[{"name":"varServiceTasks5","type":"string"}]}},"Initialize_variable_varChannel":{"runAfter":{"Initialize_variable_varTeamName":["Succeeded"]},"metadata":{"operationMetadataId":"849a1aa5-97aa-4b93-a9c5-9d047d274ea1"},"type":"InitializeVariable","inputs":{"variables":[{"name":"varChannel","type":"string"}]}},"Initialize_variable_varPlanner":{"runAfter":{"Initialize_variable_varChannel":["Succeeded"]},"metadata":{"operationMetadataId":"849a1aa5-97aa-4b93-a9c5-9d047d274ea1"},"type":"InitializeVariable","inputs":{"variables":[{"name":"varPlanner","type":"string"}]}},"Initialize_variable_varTeamName":{"runAfter":{"Initialize_variable_varTaskTitle":["Succeeded"]},"type":"InitializeVariable","inputs":{"variables":[{"name":"varTeamName","type":"string"}]}},"Get_a_team":{"runAfter":{},"metadata":{"operationMetadataId":"7fcaef06-8fdb-4a08-9992-6fb330cf7513"},"type":"OpenApiConnection","inputs":{"parameters":{"teamId":"7ea5a034-0b3a-4c1d-848d-43475a7202b8"},"host":{"apiId":"/providers/Microsoft.PowerApps/apis/shared_teams","connectionName":"shared_teams","operationId":"GetTeam"},"authentication":"@parameters('$authentication')"}},"Initialize_variable_varYourDomain":{"runAfter":{"Initialize_variable_varForReviewBucket":["Succeeded"]},"metadata":{"operationMetadataId":"69035197-b83b-4473-96f3-a62d2ab77d90"},"type":"InitializeVariable","inputs":{"variables":[{"name":"varYourDomain","type":"string"}]}},"Initialize_variable_varTheFeaturesNotIn-UseAndCheckBeforeClosing":{"runAfter":{"Initialize_variable_varFeaturesNotIn-UseAndCheckBeforeClosingBucket":["Succeeded"]},"type":"InitializeVariable","inputs":{"variables":[{"name":"varTheFeaturesNotIn-UseAndCheckBeforeClosing","type":"string"}]}},"Initialize_variable_varTheManagedByOtherServiceOwners":{"runAfter":{"Initialize_variable_varManagedByOtherServiceOwnersBucket":["Succeeded"]},"type":"InitializeVariable","inputs":{"variables":[{"name":"varTheManagedByOtherServiceOwners","type":"string"}]}},"Initialize_variable_varTaskTitle":{"runAfter":{"Get_items":["Succeeded"]},"type":"InitializeVariable","inputs":{"variables":[{"name":"varTaskTitle","type":"string","value":"@triggerOutputs()?['body/title']"}]}},"Initialize_variable_varServiceTasks1":{"runAfter":{"Initialize_variable_varServiceOwner1":["Succeeded"]},"metadata":{"operationMetadataId":"8d373a29-356f-4456-a345-fb40d482b4f1"},"type":"InitializeVariable","inputs":{"variables":[{"name":"varServiceTasks1","type":"string"}]}},"Initialize_variable_varServiceTasks2":{"runAfter":{"Initialize_variable_varServiceOwner2":["Succeeded"]},"metadata":{"operationMetadataId":"8d373a29-356f-4456-a345-fb40d482b4f1"},"type":"InitializeVariable","inputs":{"variables":[{"name":"varServiceTasks2","type":"string"}]}},"Initialize_variable_varServiceTasks3":{"runAfter":{"Initialize_variable_varServiceOwner3":["Succeeded"]},"metadata":{"operationMetadataId":"8d373a29-356f-4456-a345-fb40d482b4f1"},"type":"InitializeVariable","inputs":{"variables":[{"name":"varServiceTasks3","type":"string"}]}},"Initialize_variable_varServiceTasks4":{"runAfter":{"Initialize_variable_varServiceOwner4":["Succeeded"]},"metadata":{"operationMetadataId":"8d373a29-356f-4456-a345-fb40d482b4f1"},"type":"InitializeVariable","inputs":{"variables":[{"name":"varServiceTasks4","type":"string"}]}},"Initialize_variable_varServiceOwner6":{"runAfter":{"Initialize_variable_varServiceTasks5":["Succeeded"]},"metadata":{"operationMetadataId":"8d373a29-356f-4456-a345-fb40d482b4f1"},"type":"InitializeVariable","inputs":{"variables":[{"name":"varServiceOwner6","type":"string"}]}},"Initialize_variable_varServiceOwner7":{"runAfter":{"Initialize_variable_varServiceTasks6":["Succeeded"]},"metadata":{"operationMetadataId":"8d373a29-356f-4456-a345-fb40d482b4f1"},"type":"InitializeVariable","inputs":{"variables":[{"name":"varServiceOwner7","type":"string"}]}},"Initialize_variable_varServiceOwner8":{"runAfter":{"Initialize_variable_varServiceTasks7":["Succeeded"]},"metadata":{"operationMetadataId":"8d373a29-356f-4456-a345-fb40d482b4f1"},"type":"InitializeVariable","inputs":{"variables":[{"name":"varServiceOwner8","type":"string"}]}},"Initialize_variable_varServiceOwner9":{"runAfter":{"Initialize_variable_varServiceTasks8":["Succeeded"]},"metadata":{"operationMetadataId":"8d373a29-356f-4456-a345-fb40d482b4f1"},"type":"InitializeVariable","inputs":{"variables":[{"name":"varServiceOwner9","type":"string"}]}},"Initialize_variable_varServiceTasks6":{"runAfter":{"Initialize_variable_varServiceOwner6":["Succeeded"]},"metadata":{"operationMetadataId":"8d373a29-356f-4456-a345-fb40d482b4f1"},"type":"InitializeVariable","inputs":{"variables":[{"name":"varServiceTasks6","type":"string"}]}},"Initialize_variable_varServiceTasks7":{"runAfter":{"Initialize_variable_varServiceOwner7":["Succeeded"]},"metadata":{"operationMetadataId":"8d373a29-356f-4456-a345-fb40d482b4f1"},"type":"InitializeVariable","inputs":{"variables":[{"name":"varServiceTasks7","type":"string"}]}},"Initialize_variable_varServiceTasks8":{"runAfter":{"Initialize_variable_varServiceOwner8":["Succeeded"]},"metadata":{"operationMetadataId":"8d373a29-356f-4456-a345-fb40d482b4f1"},"type":"InitializeVariable","inputs":{"variables":[{"name":"varServiceTasks8","type":"string"}]}},"Initialize_variable_varServiceTasks9":{"runAfter":{"Initialize_variable_varServiceOwner9":["Succeeded"]},"metadata":{"operationMetadataId":"8d373a29-356f-4456-a345-fb40d482b4f1"},"type":"InitializeVariable","inputs":{"variables":[{"name":"varServiceTasks9","type":"string"}]}},"Initialize_variable_varLabel1":{"runAfter":{"Initialize_variable_varServiceTasks9":["Succeeded"]},"type":"InitializeVariable","inputs":{"variables":[{"name":"varLabel1","type":"string"}]}},"Initialize_variable_varLabel2":{"runAfter":{"Initialize_variable_varLabel1":["Succeeded"]},"type":"InitializeVariable","inputs":{"variables":[{"name":"varLabel2","type":"string"}]}},"Initialize_variable_varLabel3":{"runAfter":{"Initialize_variable_varLabel2":["Succeeded"]},"type":"InitializeVariable","inputs":{"variables":[{"name":"varLabel3","type":"string"}]}},"Initialize_variable_varLabel4":{"runAfter":{"Initialize_variable_varLabel3":["Succeeded"]},"type":"InitializeVariable","inputs":{"variables":[{"name":"varLabel4","type":"string"}]}},"Initialize_variable_varLabel5":{"runAfter":{"Initialize_variable_varLabel4":["Succeeded"]},"type":"InitializeVariable","inputs":{"variables":[{"name":"varLabel5","type":"string"}]}},"Initialize_variable_varLabel6":{"runAfter":{"Initialize_variable_varLabel5":["Succeeded"]},"type":"InitializeVariable","inputs":{"variables":[{"name":"varLabel6","type":"string"}]}},"Initialize_variable_varLabel7":{"runAfter":{"Initialize_variable_varLabel6":["Succeeded"]},"type":"InitializeVariable","inputs":{"variables":[{"name":"varLabel7","type":"string"}]}},"Initialize_variable_varLabel8":{"runAfter":{"Initialize_variable_varLabel7":["Succeeded"]},"type":"InitializeVariable","inputs":{"variables":[{"name":"varLabel8","type":"string"}]}},"Initialize_variable_varLabel9":{"runAfter":{"Initialize_variable_varLabel8":["Succeeded"]},"type":"InitializeVariable","inputs":{"variables":[{"name":"varLabel9","type":"string"}]}},"Initialize_variable_varLabel10":{"runAfter":{"Initialize_variable_varLabel9":["Succeeded"]},"type":"InitializeVariable","inputs":{"variables":[{"name":"varLabel10","type":"string"}]}},"Initialize_variable_varLabel11":{"runAfter":{"Initialize_variable_varLabel10":["Succeeded"]},"type":"InitializeVariable","inputs":{"variables":[{"name":"varLabel11","type":"string"}]}},"Initialize_variable_varLabel12":{"runAfter":{"Initialize_variable_varLabel11":["Succeeded"]},"type":"InitializeVariable","inputs":{"variables":[{"name":"varLabel12","type":"string"}]}},"Initialize_variable_varLabel13":{"runAfter":{"Initialize_variable_varLabel12":["Succeeded"]},"type":"InitializeVariable","inputs":{"variables":[{"name":"varLabel13","type":"string"}]}},"Initialize_variable_varLabel14":{"runAfter":{"Initialize_variable_varLabel13":["Succeeded"]},"type":"InitializeVariable","inputs":{"variables":[{"name":"varLabel14","type":"string"}]}},"Initialize_variable_varLabel15":{"runAfter":{"Initialize_variable_varLabel14":["Succeeded"]},"type":"InitializeVariable","inputs":{"variables":[{"name":"varLabel15","type":"string"}]}},"Initialize_variable_varLabel16":{"runAfter":{"Initialize_variable_varLabel15":["Succeeded"]},"type":"InitializeVariable","inputs":{"variables":[{"name":"varLabel16","type":"string"}]}},"Initialize_variable_varLabel17":{"runAfter":{"Initialize_variable_varLabel16":["Succeeded"]},"type":"InitializeVariable","inputs":{"variables":[{"name":"varLabel17","type":"string"}]}},"Initialize_variable_varLabel18":{"runAfter":{"Initialize_variable_varLabel17":["Succeeded"]},"type":"InitializeVariable","inputs":{"variables":[{"name":"varLabel18","type":"string"}]}},"Initialize_variable_varLabel19":{"runAfter":{"Initialize_variable_varLabel18":["Succeeded"]},"type":"InitializeVariable","inputs":{"variables":[{"name":"varLabel19","type":"string"}]}},"Initialize_variable_varLabel20":{"runAfter":{"Initialize_variable_varLabel19":["Succeeded"]},"type":"InitializeVariable","inputs":{"variables":[{"name":"varLabel20","type":"string"}]}},"Initialize_variable_varLabel21":{"runAfter":{"Initialize_variable_varLabel20":["Succeeded"]},"type":"InitializeVariable","inputs":{"variables":[{"name":"varLabel21","type":"string"}]}},"Initialize_variable_varLabel22":{"runAfter":{"Initialize_variable_varLabel21":["Succeeded"]},"type":"InitializeVariable","inputs":{"variables":[{"name":"varLabel22","type":"string"}]}},"Initialize_variable_varLabel23":{"runAfter":{"Initialize_variable_varLabel22":["Succeeded"]},"type":"InitializeVariable","inputs":{"variables":[{"name":"varLabel23","type":"string"}]}},"Initialize_variable_varLabel24":{"runAfter":{"Initialize_variable_varLabel23":["Succeeded"]},"type":"InitializeVariable","inputs":{"variables":[{"name":"varLabel24","type":"string"}]}},"Initialize_variable_varLabel25":{"runAfter":{"Initialize_variable_varLabel24":["Succeeded"]},"type":"InitializeVariable","inputs":{"variables":[{"name":"varLabel25","type":"string"}]}},"Initialize_variable_varLabelPink":{"runAfter":{"Initialize_variable_varLabel25":["Succeeded"]},"type":"InitializeVariable","inputs":{"variables":[{"name":"varLabelPink","type":"boolean","value":false}]}},"Initialize_variable_varLabelRed":{"runAfter":{"Initialize_variable_varLabelPink":["Succeeded"]},"type":"InitializeVariable","inputs":{"variables":[{"name":"varLabelRed","type":"boolean","value":false}]}},"Initialize_variable_varLabelYellow":{"runAfter":{"Initialize_variable_varLabelRed":["Succeeded"]},"type":"InitializeVariable","inputs":{"variables":[{"name":"varLabelYellow","type":"boolean","value":false}]}},"Initialize_variable_varLabelGreen":{"runAfter":{"Initialize_variable_varLabelYellow":["Succeeded"]},"type":"InitializeVariable","inputs":{"variables":[{"name":"varLabelGreen","type":"boolean","value":false}]}},"Initialize_variable_varLabelBlue":{"runAfter":{"Initialize_variable_varLabelGreen":["Succeeded"]},"type":"InitializeVariable","inputs":{"variables":[{"name":"varLabelBlue","type":"boolean","value":false}]}},"Initialize_variable_varLabelPurple":{"runAfter":{"Initialize_variable_varLabelBlue":["Succeeded"]},"type":"InitializeVariable","inputs":{"variables":[{"name":"varLabelPurple","type":"boolean","value":false}]}},"Initialize_variable_varLabelBronze":{"runAfter":{"Initialize_variable_varLabelPurple":["Succeeded"]},"type":"InitializeVariable","inputs":{"variables":[{"name":"varLabelBronze","type":"boolean","value":false}]}},"Initialize_variable_varLabelLime":{"runAfter":{"Initialize_variable_varLabelBronze":["Succeeded"]},"type":"InitializeVariable","inputs":{"variables":[{"name":"varLabelLime","type":"boolean","value":false}]}},"Initialize_variable_varLabelAqua":{"runAfter":{"Initialize_variable_varLabelLime":["Succeeded"]},"type":"InitializeVariable","inputs":{"variables":[{"name":"varLabelAqua","type":"boolean","value":false}]}},"Initialize_variable_varLabelGray":{"runAfter":{"Initialize_variable_varLabelAqua":["Succeeded"]},"type":"InitializeVariable","inputs":{"variables":[{"name":"varLabelGray","type":"boolean","value":false}]}},"Initialize_variable_varLabelSilver":{"runAfter":{"Initialize_variable_varLabelGray":["Succeeded"]},"type":"InitializeVariable","inputs":{"variables":[{"name":"varLabelSilver","type":"boolean","value":false}]}},"Initialize_variable_varLabelBrown":{"runAfter":{"Initialize_variable_varLabelSilver":["Succeeded"]},"type":"InitializeVariable","inputs":{"variables":[{"name":"varLabelBrown","type":"boolean","value":false}]}},"Initialize_variable_varLabelCranberry":{"runAfter":{"Initialize_variable_varLabelBrown":["Succeeded"]},"type":"InitializeVariable","inputs":{"variables":[{"name":"varLabelCranberry","type":"boolean","value":false}]}},"Initialize_variable_varLabelOrange":{"runAfter":{"Initialize_variable_varLabelCranberry":["Succeeded"]},"type":"InitializeVariable","inputs":{"variables":[{"name":"varLabelOrange","type":"boolean","value":false}]}},"Initialize_variable_varLabelPeach":{"runAfter":{"Initialize_variable_varLabelOrange":["Succeeded"]},"type":"InitializeVariable","inputs":{"variables":[{"name":"varLabelPeach","type":"boolean","value":false}]}},"Initialize_variable_varLabelMarigold":{"runAfter":{"Initialize_variable_varLabelPeach":["Succeeded"]},"type":"InitializeVariable","inputs":{"variables":[{"name":"varLabelMarigold","type":"boolean","value":false}]}},"Initialize_variable_varLabelLightGreen":{"runAfter":{"Initialize_variable_varLabelMarigold":["Succeeded"]},"type":"InitializeVariable","inputs":{"variables":[{"name":"varLabelLightGreen","type":"boolean","value":false}]}},"Initialize_variable_varLabelDarkGreen":{"runAfter":{"Initialize_variable_varLabelLightGreen":["Succeeded"]},"type":"InitializeVariable","inputs":{"variables":[{"name":"varLabelDarkGreen","type":"boolean","value":false}]}},"Initialize_variable_varLabelTeal":{"runAfter":{"Initialize_variable_varLabelDarkGreen":["Succeeded"]},"type":"InitializeVariable","inputs":{"variables":[{"name":"varLabelTeal","type":"boolean","value":false}]}},"Initialize_variable_varLabelLightBlue":{"runAfter":{"Initialize_variable_varLabelTeal":["Succeeded"]},"type":"InitializeVariable","inputs":{"variables":[{"name":"varLabelLightBlue","type":"boolean","value":false}]}},"Initialize_variable_varLabelDarkBlue":{"runAfter":{"Initialize_variable_varLabelLightBlue":["Succeeded"]},"type":"InitializeVariable","inputs":{"variables":[{"name":"varLabelDarkBlue","type":"boolean","value":false}]}},"Initialize_variable_varLabelLavender":{"runAfter":{"Initialize_variable_varLabelDarkBlue":["Succeeded"]},"type":"InitializeVariable","inputs":{"variables":[{"name":"varLabelLavender","type":"boolean","value":false}]}},"Initialize_variable_varLabelPlum":{"runAfter":{"Initialize_variable_varLabelLavender":["Succeeded"]},"type":"InitializeVariable","inputs":{"variables":[{"name":"varLabelPlum","type":"boolean","value":false}]}},"Initialize_variable_varLabelLightGray":{"runAfter":{"Initialize_variable_varLabelPlum":["Succeeded"]},"type":"InitializeVariable","inputs":{"variables":[{"name":"varLabelLightGray","type":"boolean","value":false}]}},"Initialize_variable_varLabelDarkGray":{"runAfter":{"Initialize_variable_varLabelLightGray":["Succeeded"]},"type":"InitializeVariable","inputs":{"variables":[{"name":"varLabelDarkGray","type":"boolean","value":false}]}},"Initialize_variable_varTaskDescription":{"runAfter":{"Initialize_variable_varLabelDarkGray":["Succeeded"]},"type":"InitializeVariable","inputs":{"variables":[{"name":"varTaskDescription","type":"string"}]}}},"description":"This flow works with the Message Center sync to Planner process. Each time a Message Center change is added the the Planner this Flow updates the task with a checklist, labels, assigns owners and sent Teams message and sends Teams messages to update users.  It reads from a SharePoint List to obtain the variables rather than needing change within this Flow."},"connectionReferences":{"shared_planner":{"connectionName":"efa80005757341bf961da87141426def","source":"Embedded","id":"/providers/Microsoft.PowerApps/apis/shared_planner","tier":"NotSpecified","apiName":"planner"},"shared_sharepointonline":{"connectionName":"shared-sharepointonl-20cc98e6-d85f-4f0c-a1ea-f80b2db1fa90","source":"Embedded","id":"/providers/Microsoft.PowerApps/apis/shared_sharepointonline","tier":"NotSpecified","apiName":"sharepointonline"},"shared_teams-1":{"connectionName":"shared-teams-f9a9a24e-2ff0-42a8-821a-6ae3719516a5","source":"Embedded","id":"/providers/Microsoft.PowerApps/apis/shared_teams","tier":"NotSpecified","apiName":"teams"},"shared_planner-1":{"connectionName":"shared-planner-a8458fd1-8985-4191-97d6-fd25bdfa25f8","source":"Embedded","id":"/providers/Microsoft.PowerApps/apis/shared_planner","tier":"NotSpecified","apiName":"planner"},"shared_teams":{"connectionName":"6b8e1eecc02346318cf622dbfa0f8117","source":"Embedded","id":"/providers/Microsoft.PowerApps/apis/shared_teams","tier":"NotSpecified","apiName":"teams"}},"flowFailureAlertSubscribed":false,"isManaged":false}}