{"name":"cfa743e7-489d-4bdd-8ed5-593204091e05","id":"/providers/Microsoft.Flow/flows/cfa743e7-489d-4bdd-8ed5-593204091e05","type":"Microsoft.Flow/flows","properties":{"apiId":"/providers/Microsoft.PowerApps/apis/shared_logicflows","displayName":"Message Center Automated Cloud Flow to Update Planner Integration - template","definition":{"metadata":{"workflowEntityId":null,"processAdvisorMetadata":null,"flowChargedByPaygo":null,"flowclientsuspensionreason":"None","flowclientsuspensiontime":null,"flowclientsuspensionreasondetails":null,"creator":{"id":"8dbc1aff-84fe-4860-b703-d5ebbd383ee3","type":"User","tenantId":"a3c0f178-c813-45e9-828d-d53639561bbd"},"provisioningMethod":"FromDefinition","failureAlertSubscription":true,"clientLastModifiedTime":"2024-03-18T04:22:04.0705563Z","connectionKeySavedTimeKey":"2024-03-18T04:22:04.0705563Z"},"$schema":"https://schema.management.azure.com/providers/Microsoft.Logic/schemas/2016-06-01/workflowdefinition.json#","contentVersion":"1.0.0.0","parameters":{"$authentication":{"defaultValue":{},"type":"SecureObject"},"$connections":{"defaultValue":{},"type":"Object"}},"triggers":{"When_a_new_task_is_created":{"recurrence":{"frequency":"Minute","interval":5},"splitOn":"@triggerOutputs()?['body/value']","metadata":{"operationMetadataId":"e8a97500-d09e-480d-8f6e-c44f5eaa8c8a"},"type":"OpenApiConnection","inputs":{"parameters":{"groupId":"09831212-8a91-420b-9668-dc72b708ad65","id":"n-LV4N1ffkGRRyEsJXJvMwgAD0LN"},"host":{"apiId":"/providers/Microsoft.PowerApps/apis/shared_planner","connectionName":"shared_planner","operationId":"OnNewTask_V3"},"authentication":"@parameters('$authentication')"}}},"actions":{"Update_task_details_Add_check_list":{"runAfter":{"5_sec_Delay_1":["Succeeded"]},"metadata":{"operationMetadataId":"83efcf1e-57f8-4790-ade1-d304b9acd1a1"},"type":"OpenApiConnection","inputs":{"parameters":{"id":"@triggerOutputs()?['body/id']","body/checklist":[{"id":"1","title":"IT Assessment","isChecked":false},{"id":"2","title":"Business Assessment","isChecked":false}]},"host":{"apiId":"/providers/Microsoft.PowerApps/apis/shared_planner","connectionName":"shared_planner","operationId":"UpdateTaskDetails_V2"},"authentication":"@parameters('$authentication')"}},"Get_task_details":{"runAfter":{"Initialize_variable_varForReviewBucket":["Succeeded"]},"metadata":{"operationMetadataId":"a1e7068f-769f-4c4d-a045-6a9f4eb4749d"},"type":"OpenApiConnection","inputs":{"parameters":{"id":"@triggerOutputs()?['body/id']"},"host":{"apiId":"/providers/Microsoft.PowerApps/apis/shared_planner","connectionName":"shared_planner","operationId":"GetTaskDetails_V2"},"authentication":"@parameters('$authentication')"}},"Update_a_task_(V2)_Add_labels":{"runAfter":{"5_sec_Delay_2":["Succeeded"]},"metadata":{"operationMetadataId":"f13bdc6e-5924-4e80-a61c-ccd84e0cd421"},"type":"OpenApiConnection","inputs":{"parameters":{"id":"@outputs('Update_task_details_Add_check_list')?['body/id']","body/appliedCategories/category1":"@contains(outputs('Get_task_details')?['body/description'],'New feature')","body/appliedCategories/category2":"@contains(outputs('Get_task_details')?['body/description'],'Data privacy')","body/appliedCategories/category3":"@contains(outputs('Get_task_details')?['body/description'],'Feature update')","body/appliedCategories/category4":"@contains(outputs('Get_task_details')?['body/description'],'Major update')","body/appliedCategories/category5":"@contains(outputs('Get_task_details')?['body/description'],'New feature')","body/appliedCategories/category6":"@contains(outputs('Get_task_details')?['body/description'],'Retirement')","body/appliedCategories/category7":"@contains(outputs('Get_task_details')?['body/description'],'User impact')","body/appliedCategories/category8":"@contains(outputs('Get_task_details')?['body/description'],'(Updated)')","body/appliedCategories/category12":"@contains(triggerOutputs()?['body/title'],'Information Protection')","body/appliedCategories/category13":"@contains(triggerOutputs()?['body/title'],'Stream')","body/appliedCategories/category14":"@contains(triggerOutputs()?['body/title'],'Microsoft 365 for the web')","body/appliedCategories/category15":"@contains(triggerOutputs()?['body/title'],'Microsoft 365 Apps')","body/appliedCategories/category16":"@contains(triggerOutputs()?['body/title'],'Microsoft Viva')","body/appliedCategories/category17":"@contains(triggerOutputs()?['body/title'],'Privileged Access')","body/appliedCategories/category18":"@contains(triggerOutputs()?['body/title'],'Planner')","body/appliedCategories/category19":"@or(contains(triggerOutputs()?['body/title'],'OneDrive'),contains(triggerOutputs()?['body/title'],'SharePoint'))","body/appliedCategories/category20":"@contains(triggerOutputs()?['body/title'],'Microsoft 365 suite')","body/appliedCategories/category21":"@contains(triggerOutputs()?['body/title'],'Privileged Access')","body/appliedCategories/category22":"@contains(triggerOutputs()?['body/title'],'Microsoft Teams')","body/appliedCategories/category23":"@contains(triggerOutputs()?['body/title'],'Microsoft Entra')","body/appliedCategories/category24":"@or(contains(triggerOutputs()?['body/title'],'Microsoft 365 Defender'),contains(triggerOutputs()?['body/title'],'Microsoft Defender'))","body/appliedCategories/category25":"@contains(triggerOutputs()?['body/title'],'Microsoft Intune')"},"host":{"apiId":"/providers/Microsoft.PowerApps/apis/shared_planner","connectionName":"shared_planner","operationId":"UpdateTask_V3"},"authentication":"@parameters('$authentication')"}},"Condition_-_Assign_Tasks_to_Respective_Service_Owners":{"actions":{"Assign_task_to_Teams_Service_Owner":{"metadata":{"operationMetadataId":"ce219cb2-93de-4e07-bb7e-d38fc93dbd4f"},"type":"OpenApiConnection","inputs":{"parameters":{"id":"@outputs('Update_a_task_(V2)_Add_labels')?['body/id']","body/assignments":"@variables('varTeamsServiceOwner')"},"host":{"apiId":"/providers/Microsoft.PowerApps/apis/shared_planner","connectionName":"shared_planner","operationId":"AssignUsers"},"authentication":"@parameters('$authentication')"}},"Move_to_For_Review_Bucket_1":{"runAfter":{"Assign_task_to_Teams_Service_Owner":["Succeeded"]},"metadata":{"operationMetadataId":"e775e7e8-8031-46aa-bba2-15c0001518b5"},"type":"OpenApiConnection","inputs":{"parameters":{"id":"@outputs('Assign_task_to_Teams_Service_Owner')?['body/id']","body/bucketId":"@variables('varForReviewBucket')"},"host":{"apiId":"/providers/Microsoft.PowerApps/apis/shared_planner","connectionName":"shared_planner","operationId":"UpdateTask_V3"},"authentication":"@parameters('$authentication')"}}},"runAfter":{"8_sec_Delay_1":["Succeeded"]},"else":{"actions":{"Condition_2":{"actions":{"Assign_Task_to__SPO,_OneDrive_Service_Owner":{"metadata":{"operationMetadataId":"f5ae9402-8a4b-421e-a752-71b310b7952b"},"type":"OpenApiConnection","inputs":{"parameters":{"id":"@outputs('Update_a_task_(V2)_Add_labels')?['body/id']","body/assignments":"@variables('varSPOServiceOwner')"},"host":{"apiId":"/providers/Microsoft.PowerApps/apis/shared_planner","connectionName":"shared_planner","operationId":"AssignUsers"},"authentication":"@parameters('$authentication')"}},"Move_to_For_Review_Bucket":{"runAfter":{"Assign_Task_to__SPO,_OneDrive_Service_Owner":["Succeeded"]},"metadata":{"operationMetadataId":"a499d73c-f2bc-4cba-ba4b-16997cd5490d"},"type":"OpenApiConnection","inputs":{"parameters":{"id":"@outputs('Assign_Task_to__SPO,_OneDrive_Service_Owner')?['body/id']","body/bucketId":"@variables('varForReviewBucket')"},"host":{"apiId":"/providers/Microsoft.PowerApps/apis/shared_planner","connectionName":"shared_planner","operationId":"UpdateTask_V3"},"authentication":"@parameters('$authentication')"}}},"else":{"actions":{"Condition":{"actions":{"Assign_to_EXO_ServiceOwner":{"metadata":{"operationMetadataId":"3dd2d79f-60d9-4c70-b36d-488cc3ecb889"},"type":"OpenApiConnection","inputs":{"parameters":{"id":"@outputs('Update_a_task_(V2)_Add_labels')?['body/id']","body/assignments":"@variables('varEXOServiceOwner')"},"host":{"apiId":"/providers/Microsoft.PowerApps/apis/shared_planner","connectionName":"shared_planner","operationId":"AssignUsers"},"authentication":"@parameters('$authentication')"}},"Move_to_For_Review_Bucket_2":{"runAfter":{"Assign_to_EXO_ServiceOwner":["Succeeded"]},"metadata":{"operationMetadataId":"6060c7cf-cd24-486b-ac09-98489f8b44de"},"type":"OpenApiConnection","inputs":{"parameters":{"id":"@outputs('Assign_to_EXO_ServiceOwner')?['body/id']","body/bucketId":"@variables('varForReviewBucket')"},"host":{"apiId":"/providers/Microsoft.PowerApps/apis/shared_planner","connectionName":"shared_planner","operationId":"UpdateTask_V3"},"authentication":"@parameters('$authentication')"}}},"else":{"actions":{"Condition_3":{"actions":{"Assign_to_Intune_Service_Owner":{"metadata":{"operationMetadataId":"409a4d74-176a-472e-875c-d34d43bf470f"},"type":"OpenApiConnection","inputs":{"parameters":{"id":"@outputs('Update_a_task_(V2)_Add_labels')?['body/id']","body/assignments":"@variables('varIntuneServiceOwner')"},"host":{"apiId":"/providers/Microsoft.PowerApps/apis/shared_planner","connectionName":"shared_planner","operationId":"AssignUsers"},"authentication":"@parameters('$authentication')"}},"Update_a_task_(V2)":{"runAfter":{"Assign_to_Intune_Service_Owner":["Succeeded"]},"metadata":{"operationMetadataId":"886a0c57-e347-4171-8d24-a30cf3179c34"},"type":"OpenApiConnection","inputs":{"parameters":{"id":"@outputs('Update_a_task_(V2)_Add_labels')?['body/id']","body/bucketId":"@variables('varForReviewBucket')"},"host":{"apiId":"/providers/Microsoft.PowerApps/apis/shared_planner","connectionName":"shared_planner","operationId":"UpdateTask_V3"},"authentication":"@parameters('$authentication')"}}},"else":{"actions":{"Condition_4":{"actions":{"Assign_to_Entra_Service_Owner":{"metadata":{"operationMetadataId":"e55ae515-f025-4921-b772-12066aca65bf"},"type":"OpenApiConnection","inputs":{"parameters":{"id":"@outputs('Update_a_task_(V2)_Add_labels')?['body/id']","body/assignments":"@variables('varEntraIDServiceOwner')"},"host":{"apiId":"/providers/Microsoft.PowerApps/apis/shared_planner","connectionName":"shared_planner","operationId":"AssignUsers"},"authentication":"@parameters('$authentication')"}},"Update_a_task_(V2)_2":{"runAfter":{"Assign_to_Entra_Service_Owner":["Succeeded"]},"metadata":{"operationMetadataId":"69769bae-1979-486b-8f85-2a295b78305a"},"type":"OpenApiConnection","inputs":{"parameters":{"id":"@outputs('Assign_to_Entra_Service_Owner')?['body/id']","body/bucketId":"@variables('varForReviewBucket')"},"host":{"apiId":"/providers/Microsoft.PowerApps/apis/shared_planner","connectionName":"shared_planner","operationId":"UpdateTask_V3"},"authentication":"@parameters('$authentication')"}}},"else":{"actions":{}},"expression":{"equals":["@outputs('Update_a_task_(V2)_Add_labels')?['body/appliedCategories/category23']","@true"]},"metadata":{"operationMetadataId":"fe854493-c8b7-44d2-9465-24af7f995e53"},"type":"If","description":"Checking to see if the Plum label(Entra) = true"}}},"expression":{"equals":["@outputs('Update_a_task_(V2)_Add_labels')?['body/appliedCategories/category25']","@true"]},"metadata":{"operationMetadataId":"058b0a8e-cfe6-4e93-bde1-80156059a0f6"},"type":"If","description":"Check to see if  Dark gray label(Intune)= true"}}},"expression":{"equals":["@outputs('Update_a_task_(V2)_Add_labels')?['body/appliedCategories/category19']","@true"]},"metadata":{"operationMetadataId":"05c74a68-db85-4267-acd0-4d3490f716c1"},"type":"If","description":"Checking to see if the Teal label(EXO) = true"}}},"expression":{"equals":["@outputs('Update_a_task_(V2)_Add_labels')?['body/appliedCategories/category18']","@true"]},"metadata":{"operationMetadataId":"96ca7701-8c0a-4572-86a6-2e8231d37c63"},"type":"If","description":"Checking to see if the Dark Green label (SPO/OneDrive) = true"}}},"expression":{"or":[{"equals":["@outputs('Update_a_task_(V2)_Add_labels')?['body/appliedCategories/category12']","@true"]},{"equals":["@outputs('Update_a_task_(V2)_Add_labels')?['body/appliedCategories/category15']","@true"]}]},"metadata":{"operationMetadataId":"ebae8807-7a0d-4a3b-9753-bb21a32abf5b"},"type":"If","description":"checking to see if the Brown label (Teams) or Peach(M365 Apps) = True"},"Initialize_variable_varTeamId":{"runAfter":{},"metadata":{"operationMetadataId":"0d506d3f-47b6-45c5-9cd5-d1705e2daeaa"},"type":"InitializeVariable","inputs":{"variables":[{"name":"varTeamId","type":"string","value":"varTeamId"}]},"description":"GUID of the TeamId of the Team used to post messages into"},"Initialize_variable_varChannelId":{"runAfter":{"Initialize_variable_varTeamId":["Succeeded"]},"metadata":{"operationMetadataId":"3c11b6ac-7029-4f40-a207-e884440ed51b"},"type":"InitializeVariable","inputs":{"variables":[{"name":"varChannelId","type":"string","value":"varChannelId"}]},"description":"Channel Id of the  Channel in the Team to post messages into.\nFor example - 19%3ahwBo_erWV7swV9v9CDrjy5K4-OWzh3WVOXjVodOT-X41%40thread.tacv2"},"Post_message_in_a_chat_or_channel_Business_Champions_Teams":{"runAfter":{"Condition_-_Check_if_it_the_task_has_an_owner_assigned":["Succeeded"]},"metadata":{"operationMetadataId":"875869e5-75d7-45f4-98c2-fa9fe13cc877"},"type":"OpenApiConnection","inputs":{"parameters":{"poster":"User","location":"Channel","body/recipient/groupId":"@variables('varTeamId')","body/recipient/channelId":"19%3af3159bf8d32c43c396a0d1a6946ac1f7%40thread.tacv2","body/messageBody":"<p>@{outputs('Update_task_details_Add_check_list')?['body/description']}</p>","body/subject":"New Message center task - @{outputs('Update_a_task_(V2)_Add_labels')?['body/title']}"},"host":{"apiId":"/providers/Microsoft.PowerApps/apis/shared_teams","connectionName":"shared_teams","operationId":"PostMessageToConversation"},"authentication":"@parameters('$authentication')"},"description":"Post message in Business Change Team for each new message. Includes description as they do not have access to the Planner"},"5_sec_Delay_2":{"runAfter":{"Update_task_details_Add_check_list":["Succeeded"]},"metadata":{"operationMetadataId":"9e4cb32c-d469-45ad-8f0f-41ab4d2fd222"},"type":"Wait","inputs":{"interval":{"count":5,"unit":"Second"}}},"8_sec_Delay_1":{"runAfter":{"List_buckets":["Succeeded"]},"metadata":{"operationMetadataId":"e2519f8b-07ac-4b0b-8ab9-bffb514ef0fe"},"type":"Wait","inputs":{"interval":{"count":8,"unit":"Second"}}},"5_sec_Delay_1":{"runAfter":{"Get_task_details":["Succeeded"]},"metadata":{"operationMetadataId":"e8cb8fa2-2718-4b6c-8cba-673f76284133"},"type":"Wait","inputs":{"interval":{"count":5,"unit":"Second"}}},"Post_message_in_a_chat_or_channel_varTeamId":{"runAfter":{"Post_message_in_a_chat_or_channel_Business_Champions_Teams":["Succeeded"]},"metadata":{"operationMetadataId":"875869e5-75d7-45f4-98c2-fa9fe13cc877"},"type":"OpenApiConnection","inputs":{"parameters":{"poster":"Flow bot","location":"Channel","body/recipient/groupId":"@variables('varTeamId')","body/recipient/channelId":"@variables('varChannelId')","body/messageBody":"<p><strong>New Message center task</strong><br>\n@{outputs('Update_a_task_(V2)_Move_FYI_Tasks_to_Correct_bucket')?['body/title']}</p>"},"host":{"apiId":"/providers/Microsoft.PowerApps/apis/shared_teams","connectionName":"shared_teams","operationId":"PostMessageToConversation"},"authentication":"@parameters('$authentication')"}},"Initialize_variable_varPlannerTaskLink":{"runAfter":{"Initialize_variable_varYourDomain":["Succeeded"]},"metadata":{"operationMetadataId":"9e679349-a8b5-4f73-9820-e98ea7637e58"},"type":"InitializeVariable","inputs":{"variables":[{"name":"varPlannerTaskLink","type":"string","value":"https://tasks.office.com/@{variables('varYourDomain')}/Home/Task/"}]},"description":" Creates the https://tasks.office.com/<varYourDomain>/Home/Task/  URL used before the task id. Is used in the Team channel post"},"Initialize_variable_varYourDomain":{"runAfter":{"Initialize_variable_varChannelId":["Succeeded"]},"metadata":{"operationMetadataId":"69035197-b83b-4473-96f3-a62d2ab77d90"},"type":"InitializeVariable","inputs":{"variables":[{"name":"varYourDomain","type":"string","value":"<something>.onmicrosoft.com"}]},"description":"Add your domain. this is used to form the Task URL link used in the Teams message"},"Initialize_variable_varTeamsServiceOwner":{"runAfter":{"Initialize_variable_varPlannerTaskLink":["Succeeded"]},"metadata":{"operationMetadataId":"799eda6d-2fde-429f-8d86-c1e865c048e6"},"type":"InitializeVariable","inputs":{"variables":[{"name":"varTeamsServiceOwner","type":"string","value":"<someone>@@{variables('varYourDomain')}"}]}},"Initialize_variable_varSPOServiceOwner":{"runAfter":{"Initialize_variable_varTeamsServiceOwner":["Succeeded"]},"metadata":{"operationMetadataId":"7ffb8d93-8a97-4515-8e50-db84a696582b"},"type":"InitializeVariable","inputs":{"variables":[{"name":"varSPOServiceOwner","type":"string","value":"<someone>@@{variables('varYourDomain')}"}]}},"Initialize_variable_varFYIBucket":{"runAfter":{"Initialize_variable_varIntuneServiceOwner":["Succeeded"]},"metadata":{"operationMetadataId":"849a1aa5-97aa-4b93-a9c5-9d047d274ea1"},"type":"InitializeVariable","inputs":{"variables":[{"name":"varFYIBucket","type":"string","value":"varFYIBucket"}]},"description":"Specify which bucket to use for Changes that only needs to be communicated to end users or for awareness.\nFor example - \"For Communication/FYI\""},"List_buckets":{"runAfter":{"Update_a_task_(V2)_Add_labels":["Succeeded"]},"metadata":{"operationMetadataId":"757b4d14-71d4-44cf-828a-d80fae5d3db9"},"type":"OpenApiConnection","inputs":{"parameters":{"groupId":"50fed738-0690-480e-8857-f101173c78df","id":"uqw_egi2Tkub2VECAV8wxQgAGMol"},"host":{"apiId":"/providers/Microsoft.PowerApps/apis/shared_planner","connectionName":"shared_planner","operationId":"ListBuckets_V3"},"authentication":"@parameters('$authentication')"}},"Initialize_variable_varForReviewBucket":{"runAfter":{"Initialize_variable_varFYIBucket":["Succeeded"]},"metadata":{"operationMetadataId":"c33a7dfd-48d5-4da5-a643-b9da493ff0f2"},"type":"InitializeVariable","inputs":{"variables":[{"name":"varForReviewBucket","type":"string","value":"varForReviewBucket"}]},"description":"Specify which bucket to use for changes that has been assigned to an owner. You can get the bucket value from the \"List Bucket\" action."},"5_sec_Delay_3":{"runAfter":{"Condition_-_Assign_Tasks_to_Respective_Service_Owners":["Succeeded"]},"metadata":{"operationMetadataId":"9b03e061-08b9-4251-8148-73fd3ba9f022"},"type":"Wait","inputs":{"interval":{"count":5,"unit":"Second"}}},"Initialize_variable_varEXOServiceOwner":{"runAfter":{"Initialize_variable_varSPOServiceOwner":["Succeeded"]},"metadata":{"operationMetadataId":"6316688c-271e-4d6e-aefb-de2c6cd0c22b"},"type":"InitializeVariable","inputs":{"variables":[{"name":"varEXOServiceOwner","type":"string","value":"<someone>@@{variables('varYourDomain')}"}]}},"Initialize_variable_varEntraIDServiceOwner":{"runAfter":{"Initialize_variable_varEXOServiceOwner":["Succeeded"]},"metadata":{"operationMetadataId":"bfa5a4e4-0ab8-4894-b422-5538c7de1255"},"type":"InitializeVariable","inputs":{"variables":[{"name":"varEntraIDServiceOwner","type":"string","value":"<someone>@@{variables('varYourDomain')}"}]}},"Initialize_variable_varIntuneServiceOwner":{"runAfter":{"Initialize_variable_varEntraIDServiceOwner":["Succeeded"]},"metadata":{"operationMetadataId":"8d373a29-356f-4456-a345-fb40d482b4f1"},"type":"InitializeVariable","inputs":{"variables":[{"name":"varIntuneServiceOwner","type":"string","value":"<someone>@@{variables('varYourDomain')}"}]}},"Condition_-_Check_if_it_the_task_has_an_owner_assigned":{"actions":{"Condition_-_Check_if_its_categorised_as_\"New_Feature\"_only":{"actions":{"Update_a_task_(V2)_Move_FYI_Tasks_to_Correct_bucket":{"metadata":{"operationMetadataId":"fa5a3c3d-7ed5-4f6c-ad61-4bcf5a2f9aa7"},"type":"OpenApiConnection","inputs":{"parameters":{"id":"@outputs('Update_a_task_(V2)_Add_labels')?['body/id']","body/bucketId":"@variables('varFYIBucket')"},"host":{"apiId":"/providers/Microsoft.PowerApps/apis/shared_planner","connectionName":"shared_planner","operationId":"UpdateTask_V3"},"authentication":"@parameters('$authentication')"}}},"else":{"actions":{}},"expression":{"and":[{"equals":["@outputs('Update_a_task_(V2)_Add_labels')?['body/appliedCategories/category1']","@true"]},{"not":{"equals":["@outputs('Update_a_task_(V2)_Add_labels')?['body/appliedCategories/category2']","@true"]}},{"not":{"equals":["@outputs('Update_a_task_(V2)_Add_labels')?['body/appliedCategories/category4']","@true"]}},{"not":{"equals":["@outputs('Update_a_task_(V2)_Add_labels')?['body/appliedCategories/category5']","@true"]}},{"not":{"equals":["@outputs('Update_a_task_(V2)_Add_labels')?['body/appliedCategories/category6']","@true"]}},{"not":{"equals":["@outputs('Update_a_task_(V2)_Add_labels')?['body/appliedCategories/category7']","@true"]}},{"not":{"equals":["@outputs('Update_a_task_(V2)_Add_labels')?['body/appliedCategories/category3']","@true"]}}]},"metadata":{"operationMetadataId":"036dcf1a-9518-46a1-9265-dc0b2443b595"},"type":"If"}},"runAfter":{"5_sec_Delay_3":["Succeeded"]},"else":{"actions":{}},"expression":{"or":[{"equals":["@variables('varEXOServiceOwner')","@true"]},{"equals":["@variables('varIntuneServiceOwner')","@true"]},{"equals":["@variables('varEntraIDServiceOwner')","@true"]},{"equals":["@variables('varSPOServiceOwner')","@true"]},{"equals":["@variables('varTeamsServiceOwner')","@true"]}]},"metadata":{"operationMetadataId":"afe7ea6b-4d2a-44ee-8341-07f520e48962"},"type":"If"}},"description":"This flow works with the OOB Message Center sync to Planner process. Each time a Message Center change is added the the Planner this Flow updates the task witch a checklist, labels, assigns owners and sent Teams message and sends Teams messages to update users"},"connectionReferences":{"shared_planner":{"connectionName":"shared-planner-ac40c02a-10e9-43dd-bf89-ef3a3ae2c32c","source":"Embedded","id":"/providers/Microsoft.PowerApps/apis/shared_planner","tier":"NotSpecified"},"shared_teams":{"connectionName":"shared-teams-6ecea264-79d7-42d8-af75-0b68d33bbd00","source":"Embedded","id":"/providers/Microsoft.PowerApps/apis/shared_teams","tier":"NotSpecified"}},"flowFailureAlertSubscribed":false,"isManaged":false}}